X,Y,geo_x_MTM,geo_y_MTM,geo_spatialRef_wkid,Facility_Group,BN,BN_FR,ADDRESS,ADDRESS_FR,Open_Seasonally,Season_Start_Date,Season_End_Date,Open_Hours_Sunday,Closed_Hours_Sunday,Special_Hours_Sunday,Open_Hours_Monday,Closed_Hours_Monday,Special_Hours_Monday,Open_Hours_Tuesday,Closed_Hours_Tuesday,Special_Hours_Tuesday,Open_Hours_Wednesday,Closed_Hours_Wednesday,Special_Hours_Wednesday,Open_Hours_Thursday,Closed_Hours_Thursday,Special_Hours_Thursday,Open_Hours_Friday,Closed_Hours_Friday,Special_Hours_Friday,Open_Hours_Saturday,Closed_Hours_Saturday,Special_Hours_Saturday,Phone_number_to_report_issues,X_COORDINATE,Y_COORDINATE,JURISDICTION,interior,seasonal,FID
-75.88626099,45.29544449,-8447620,5668154,102100,ARTS AND CULTURE,Ottawa Public Library Hazeldean Branch,BibliothŠque publique d'Ottawa Succursale Hazeldean,50 CASTLEFRANK RD,50 CH CASTLEFRANK,Open Year Round/Ouvert toute l?ann‚e,Not Applicable/Non applicable,Not Applicable/Non applicable,12/31/1899 1:00:00 PM,12/31/1899 5:00:00 PM,Closed early June to early September,12/31/1899 10:00:00 AM,12/31/1899 8:30:00 PM,Not Applicable/Non applicable,12/31/1899 10:00:00 AM,12/31/1899 8:30:00 PM,Not Applicable/Non applicable,12/31/1899 10:00:00 AM,12/31/1899 8:30:00 PM,Not Applicable/Non applicable,12/31/1899 10:00:00 AM,12/31/1899 8:30:00 PM,Not Applicable/Non applicable,12/31/1899 1:00:00 PM,12/31/1899 6:00:00 PM,Not Applicable/Non applicable,12/31/1899 10:00:00 AM,12/31/1899 5:00:00 PM,Not Applicable/Non applicable,311,-75.88626099,45.29544449,OTTAWA,y,n,1
-75.82566833,45.32115555,-8440874,5672223,102100,ARTS AND CULTURE,Ottawa Public Library Centennial Branch,BibliothŠque publique d'Ottawa Succursale Centennial,3870 OLD RICHMOND RD,3870 CH OLD RICHMOND,Open Year Round/Ouvert toute l?ann‚e,Not Applicable/Non applicable,Not Applicable/Non applicable,Closed,Closed,Not Applicable/Non applicable,12/31/1899 10:00:00 AM,12/31/1899 8:30:00 PM,Not Applicable/Non applicable,12/31/1899 10:00:00 AM,12/31/1899 8:30:00 PM,Not Applicable/Non applicable,12/31/1899 10:00:00 AM,12/31/1899 8:30:00 PM,Not Applicable/Non applicable,12/31/1899 10:00:00 AM,12/31/1899 8:30:00 PM,Not Applicable/Non applicable,12/31/1899 1:00:00 PM,12/31/1899 6:00:00 PM,Not Applicable/Non applicable,12/31/1899 10:00:00 AM,12/31/1899 5:00:00 PM,Not Applicable/Non applicable,311,-75.82566833,45.32115555,OTTAWA,y,n,2
-75.68325043,45.43016434,-8425020,5689498,102100,ARTS AND CULTURE,Ottawa Public Library Rideau Branch,BibliothŠque publique d'Ottawa Succursale Rideau,377 RIDEAU ST,377 RUE RIDEAU,Open Year Round/Ouvert toute l?ann‚e,Not Applicable/Non applicable,Not Applicable/Non applicable,Closed,Closed,Not Applicable/Non applicable,12/31/1899 10:00:00 AM,12/31/1899 8:30:00 PM,Not Applicable/Non applicable,12/31/1899 10:00:00 AM,12/31/1899 8:30:00 PM,Not Applicable/Non applicable,12/31/1899 10:00:00 AM,12/31/1899 8:30:00 PM,Not Applicable/Non applicable,12/31/1899 10:00:00 AM,12/31/1899 8:30:00 PM,Not Applicable/Non applicable,12/31/1899 1:00:00 PM,12/31/1899 6:00:00 PM,Not Applicable/Non applicable,12/31/1899 10:00:00 AM,12/31/1899 5:00:00 PM,Not Applicable/Non applicable,311,-75.68325043,45.43016434,OTTAWA,y,n,3
-75.63560486,45.36346054,-8419717,5678923,102100,RECREATION,Greenboro CC,Centre communautaire Greenboro,363 LORRY GREENBERG DR,"363, PROM. LORRY GREENBERG",Open Year Round/Ouvert toute l?ann‚e,Not Applicable/Non applicable,Not Applicable/Non applicable,12/31/1899 8:00:00 AM,12/31/1899 8:00:00 PM,Not Applicable/Non applicable,12/31/1899 8:00:00 AM,12/31/1899 9:00:00 PM,Not Applicable/Non applicable,12/31/1899 8:00:00 AM,12/31/1899 9:00:00 PM,Not Applicable/Non applicable,12/31/1899 8:00:00 AM,12/31/1899 9:00:00 PM,Not Applicable/Non applicable,12/31/1899 8:00:00 AM,12/31/1899 9:00:00 PM,Not Applicable/Non applicable,12/31/1899 8:00:00 AM,12/31/1899 9:00:00 PM,Not Applicable/Non applicable,12/31/1899 8:00:00 AM,12/31/1899 8:00:00 PM,Not Applicable/Non applicable,311,-75.63560486,45.36346054,OTTAWA,y,n,4
-75.77178955,45.37323761,-8434877,5680473,102100,ARTS AND CULTURE,Ottawa Public Library Carlingwood Branch,BibliothŠque publique d'Ottawa Succursale Carlingwood,281 WOODROFFE AVE,281 AV WOODROFFE,Open Year Round/Ouvert toute l?ann‚e,Not Applicable/Non applicable,Not Applicable/Non applicable,Closed,Closed,Not Applicable/Non applicable,12/31/1899 10:00:00 AM,12/31/1899 8:30:00 PM,Not Applicable/Non applicable,12/31/1899 10:00:00 AM,12/31/1899 8:30:00 PM,Not Applicable/Non applicable,12/31/1899 10:00:00 AM,12/31/1899 8:30:00 PM,Not Applicable/Non applicable,12/31/1899 10:00:00 AM,12/31/1899 8:30:00 PM,Not Applicable/Non applicable,12/31/1899 1:00:00 PM,12/31/1899 6:00:00 PM,Not Applicable/Non applicable,12/31/1899 10:00:00 AM,12/31/1899 5:00:00 PM,Not Applicable/Non applicable,311,-75.77178955,45.37323761,OTTAWA,y,n,5
-75.89530182,45.32161713,-8448626,5672297,102100,RECREATION,John G Mlacak Centre,Centre John G Mlacak,2500 CAMPEAU DR,"2500, PROM. CAMPEAU",Open Year Round/Ouvert toute l?ann‚e,Not Applicable/Non applicable,Not Applicable/Non applicable,12/31/1899 8:00:00 AM,12/31/1899 9:00:00 PM,Not Applicable/Non applicable,12/31/1899 8:00:00 AM,12/31/1899 9:00:00 PM,Not Applicable/Non applicable,12/31/1899 8:00:00 AM,12/31/1899 9:00:00 PM,Not Applicable/Non applicable,12/31/1899 8:00:00 AM,12/31/1899 9:00:00 PM,Not Applicable/Non applicable,12/31/1899 8:00:00 AM,12/31/1899 9:00:00 PM,Not Applicable/Non applicable,12/31/1899 8:00:00 AM,12/31/1899 9:00:00 PM,Not Applicable/Non applicable,12/31/1899 8:00:00 AM,12/31/1899 9:00:00 PM,Not Applicable/Non applicable,311,-75.89530182,45.32161713,OTTAWA,y,n,6
-75.66177368,45.37817383,-8422630,5681255,102100,ARTS AND CULTURE,Ottawa Public Library Alta Vista Branch,BibliothŠque publique d'Ottawa Succursale Alta Vista,2516 ALTA VISTA DR,2516 PROM ALTA VISTA,Open Year Round/Ouvert toute l?ann‚e,Not Applicable/Non applicable,Not Applicable/Non applicable,Closed,Closed,Not Applicable/Non applicable,12/31/1899 10:00:00 AM,12/31/1899 8:30:00 PM,Not Applicable/Non applicable,12/31/1899 10:00:00 AM,12/31/1899 8:30:00 PM,Not Applicable/Non applicable,12/31/1899 10:00:00 AM,12/31/1899 8:30:00 PM,Not Applicable/Non applicable,12/31/1899 10:00:00 AM,12/31/1899 8:30:00 PM,Not Applicable/Non applicable,12/31/1899 1:00:00 PM,12/31/1899 6:00:00 PM,Not Applicable/Non applicable,12/31/1899 10:00:00 AM,12/31/1899 5:00:00 PM,Not Applicable/Non applicable,311,-75.66177368,45.37817383,OTTAWA,y,n,7
-75.60077667,45.43811035,-8415840,5690759,102100,ARTS AND CULTURE,Ottawa Public Library North Gloucester Branch,BibliothŠque publique d'Ottawa Succursale Gloucester Nord,2036 OGILVIE RD,2036 CH OGILVIE,Open Year Round/Ouvert toute l?ann‚e,Not Applicable/Non applicable,Not Applicable/Non applicable,12/31/1899 1:00:00 PM,12/31/1899 5:00:00 PM,Closed early June to early September,12/31/1899 10:00:00 AM,12/31/1899 8:30:00 PM,Not Applicable/Non applicable,12/31/1899 10:00:00 AM,12/31/1899 8:30:00 PM,Not Applicable/Non applicable,12/31/1899 10:00:00 AM,12/31/1899 8:30:00 PM,Not Applicable/Non applicable,12/31/1899 10:00:00 AM,12/31/1899 8:30:00 PM,Not Applicable/Non applicable,12/31/1899 1:00:00 PM,12/31/1899 6:00:00 PM,Not Applicable/Non applicable,12/31/1899 10:00:00 AM,12/31/1899 5:00:00 PM,Not Applicable/Non applicable,311,-75.60077667,45.43811035,OTTAWA,y,n,8
-75.72629547,45.4016571,-8429813,5684977,102100,ARTS AND CULTURE,Ottawa Public Library Rosemount Branch,BibliothŠque publique d'Ottawa Succursale Rosemount,18 ROSEMOUNT AVE,18 AV ROSEMOUNT,Open Year Round/Ouvert toute l?ann‚e,Not Applicable/Non applicable,Not Applicable/Non applicable,Closed,Closed,Not Applicable/Non applicable,12/31/1899 10:00:00 AM,12/31/1899 8:30:00 PM,Not Applicable/Non applicable,12/31/1899 10:00:00 AM,12/31/1899 8:30:00 PM,Not Applicable/Non applicable,12/31/1899 10:00:00 AM,12/31/1899 8:30:00 PM,Not Applicable/Non applicable,12/31/1899 10:00:00 AM,12/31/1899 8:30:00 PM,Not Applicable/Non applicable,12/31/1899 1:00:00 PM,12/31/1899 6:00:00 PM,Not Applicable/Non applicable,12/31/1899 10:00:00 AM,12/31/1899 5:00:00 PM,Not Applicable/Non applicable,311,-75.72629547,45.4016571,OTTAWA,y,n,9
-75.52388,45.4565239,-8407280,5693681,102100,ARTS AND CULTURE,Ottawa Public Library Orleans Branch,BibliothŠque publique d'Ottawa Succursale Orl??ans,1705 ORLEANS BLVD,1705 BOUL ORLEANS,Open Year Round/Ouvert toute l?ann‚e,Not Applicable/Non applicable,Not Applicable/Non applicable,12/31/1899 1:00:00 PM,12/31/1899 5:00:00 PM,Closed early June to early September,12/31/1899 10:00:00 AM,12/31/1899 8:30:00 PM,Not Applicable/Non applicable,12/31/1899 10:00:00 AM,12/31/1899 8:30:00 PM,Not Applicable/Non applicable,12/31/1899 10:00:00 AM,12/31/1899 8:30:00 PM,Not Applicable/Non applicable,12/31/1899 10:00:00 AM,12/31/1899 8:30:00 PM,Not Applicable/Non applicable,12/31/1899 1:00:00 PM,12/31/1899 6:00:00 PM,Not Applicable/Non applicable,12/31/1899 10:00:00 AM,12/31/1899 5:00:00 PM,Not Applicable/Non applicable,311,-75.52388,45.4565239,OTTAWA,y,n,10
-75.73338318,45.35472107,-8430602,5677539,102100,ARTS AND CULTURE,Ottawa Public Library Emerald Plaza Branch,BibliothŠque publique d'Ottawa Succursale Emerald Plaza,1547 MERIVALE RD,1547 CH MERIVALE,Open Year Round/Ouvert toute l?ann‚e,Not Applicable/Non applicable,Not Applicable/Non applicable,Closed,Closed,Not Applicable/Non applicable,12/31/1899 10:00:00 AM,12/31/1899 8:30:00 PM,Not Applicable/Non applicable,12/31/1899 10:00:00 AM,12/31/1899 8:30:00 PM,Not Applicable/Non applicable,12/31/1899 10:00:00 AM,12/31/1899 8:30:00 PM,Not Applicable/Non applicable,12/31/1899 10:00:00 AM,12/31/1899 8:30:00 PM,Not Applicable/Non applicable,12/31/1899 1:00:00 PM,12/31/1899 6:00:00 PM,Not Applicable/Non applicable,12/31/1899 10:00:00 AM,12/31/1899 5:00:00 PM,Not Applicable/Non applicable,311,-75.73338318,45.35472107,OTTAWA,y,n,11
-75.68379211,45.39546585,-8425081,5683996,102100,ARTS AND CULTURE,Ottawa Public Library Sunnyside Branch,BibliothŠque publique d'Ottawa Succursale Sunnyside,1049 BANK ST,1049 RUE BANK,Open Year Round/Ouvert toute l?ann‚e,Not Applicable/Non applicable,Not Applicable/Non applicable,Closed,Closed,Not Applicable/Non applicable,12/31/1899 10:00:00 AM,12/31/1899 8:30:00 PM,Not Applicable/Non applicable,12/31/1899 10:00:00 AM,12/31/1899 8:30:00 PM,Not Applicable/Non applicable,12/31/1899 10:00:00 AM,12/31/1899 8:30:00 PM,Not Applicable/Non applicable,12/31/1899 10:00:00 AM,12/31/1899 8:30:00 PM,NA,12/31/1899 1:00:00 PM,12/31/1899 6:00:00 PM,Not Applicable/Non applicable,12/31/1899 10:00:00 AM,12/31/1899 5:00:00 PM,Not Applicable/Non applicable,311,-75.68379211,45.39546585,OTTAWA,y,n,12
-75.69538879,45.42023849,-8426372,5687924,102100,ARTS AND CULTURE,Ottawa Public Library Main Library,BibliothŠque publique d'Ottawa BibliothŠque Centrale,120 METCALFE ST,120 RUE METCALFE,Open Year Round/Ouvert toute l?ann‚e,Not Applicable/Non applicable,Not Applicable/Non applicable,12/31/1899 1:00:00 PM,12/31/1899 5:00:00 PM,Closed early June to early September,12/31/1899 10:00:00 AM,12/31/1899 9:00:00 PM,Not Applicable/Non applicable,12/31/1899 10:00:00 AM,12/31/1899 9:00:00 PM,Not Applicable/Non applicable,12/31/1899 10:00:00 AM,12/31/1899 9:00:00 PM,Not Applicable/Non applicable,12/31/1899 10:00:00 AM,12/31/1899 9:00:00 PM,Not Applicable/Non applicable,12/31/1899 10:00:00 AM,12/31/1899 6:00:00 PM,Not Applicable/Non applicable,12/31/1899 10:00:00 AM,12/31/1899 5:00:00 PM,Not Applicable/Non applicable,311,-75.69538879,45.42023849,OTTAWA,y,n,13
-75.5575943,45.26132202,-8411033,5662756,102100,ARTS AND CULTURE,Ottawa Public Library Greely Branch,BibliothŠque publique d'Ottawa Succursale Greely,1448 MEADOW DR,1448 PROM MEADOW,Open Year Round/Ouvert toute l?ann‚e,Not Applicable/Non applicable,Not Applicable/Non applicable,Closed,Closed,Not Applicable/Non applicable,Special Hours/Heures de fonctionnement sp‚cial,Special Hours/Heures de fonctionnement sp‚cial,"10:00 AM-1:00 PM, 4:30 PM-8:30PM",12/31/1899 10:00:00 AM,12/31/1899 1:00:00 PM,Not Applicable/Non applicable,Special Hours/Heures de fonctionnement sp‚cial,Special Hours/Heures de fonctionnement sp‚cial,"10:00 AM-1:00 PM, 4:30 PM-8:30PM",12/31/1899 4:30:00 PM,12/31/1899 8:30:00 PM,Not Applicable/Non applicable,Closed,Closed,Not Applicable/Non applicable,12/31/1899 10:00:00 AM,12/31/1899 2:00:00 PM,Not Applicable/Non applicable,311,-75.5575943,45.26132202,OTTAWA,y,n,14
-75.62489319,45.39949417,-8418525,5684634,102100,ARTS AND CULTURE,Elmvale Acres Library,BibliothŠque publique d'Ottawa Succursale  Elmvale Acres,1910 St-Laurent BLVD,1910 St-Laurent,Open Year Round/Ouvert toute l?ann‚e,Not Applicable/Non applicable,Not Applicable/Non applicable,Closed,Closed,Not Applicable/Non applicable,12/31/1899 10:00:00 AM,12/31/1899 8:30:00 PM,Not Applicable/Non applicable,12/31/1899 10:00:00 AM,12/31/1899 8:30:00 PM,Not Applicable/Non applicable,12/31/1899 10:00:00 AM,12/31/1899 8:30:00 PM,Not Applicable/Non applicable,12/31/1899 10:00:00 AM,12/31/1899 8:30:00 PM,Not Applicable/Non applicable,12/31/1899 1:00:00 PM,12/31/1899 6:00:00 PM,Not Applicable/Non applicable,12/31/1899 10:00:00 AM,12/31/1899 5:00:00 PM,Not Applicable/Non applicable,311,-75.62489319,45.39949417,OTTAWA,y,n,15
-75.76152039,45.28058243,-8433734,5665802,102100,CIVIC ADMINISTRATION,Ruth E. Dickinson Library,BibliothŠque publique d'Ottawa Succursale  Ruth E. Dickinson,100 MALVERN DR,100 rue Malvern,Open Year Round/Ouvert toute l?ann‚e,Not Applicable/Non applicable,Not Applicable/Non applicable,Closed,Closed,Not Applicable/Non applicable,12/31/1899 10:00:00 AM,12/31/1899 8:30:00 PM,Not Applicable/Non applicable,12/31/1899 10:00:00 AM,12/31/1899 8:30:00 PM,Not Applicable/Non applicable,12/31/1899 10:00:00 AM,12/31/1899 8:30:00 PM,Not Applicable/Non applicable,12/31/1899 10:00:00 AM,12/31/1899 8:30:00 PM,Not Applicable/Non applicable,12/31/1899 1:00:00 PM,12/31/1899 6:00:00 PM,Not Applicable/Non applicable,12/31/1899 10:00:00 AM,12/31/1899 5:00:00 PM,Not Applicable/Non applicable,311,-75.76152039,45.28058243,OTTAWA,y,n,16
-75.64679718,45.43654251,-8420963,5690510,102100,ARTS AND CULTURE,St-Laurent Library,BibliothŠque publique d'Ottawa Succursale  St-Laurent,515 C“t‚ St,515 rue C“t‚,Open Year Round/Ouvert toute l?ann‚e,Not Applicable/Non applicable,Not Applicable/Non applicable,Closed,Closed,Not Applicable/Non applicable,12/31/1899 10:00:00 AM,12/31/1899 8:30:00 PM,Not Applicable/Non applicable,12/31/1899 10:00:00 AM,12/31/1899 8:30:00 PM,Not Applicable/Non applicable,12/31/1899 10:00:00 AM,12/31/1899 8:30:00 PM,Not Applicable/Non applicable,12/31/1899 10:00:00 AM,12/31/1899 8:30:00 PM,Not Applicable/Non applicable,12/31/1899 1:00:00 PM,12/31/1899 6:00:00 PM,Not Applicable/Non applicable,12/31/1899 10:00:00 AM,12/31/1899 5:00:00 PM,Not Applicable/Non applicable,311,-75.64679718,45.43654251,OTTAWA,y,n,17
-75.926651,45.26065445,-8452116,5662650,102100,RECREATION,Johnny Leroux Stittsville Community Arena,Ar‚na communautaire de Stittsville Johnny-Leroux,10 WARNER COLPITTS LANE,10 RLE WARNER COLPITTS,Open Year Round/Ouvert toute l?ann‚e,Not Applicable/Non applicable,Not Applicable/Non applicable,12/31/1899 6:00:00 AM,12/31/1899 11:00:00 PM,Hall space 8 am to 10 pm,12/31/1899 6:00:00 AM,12/31/1899 11:00:00 PM,Hall open 8 am to 10 pm,12/31/1899 6:00:00 AM,12/31/1899 11:00:00 PM,Hall open 8 am to 10 pm,12/31/1899 6:00:00 AM,12/31/1899 11:00:00 PM,Hall open 8 am to 10 pm,12/31/1899 6:00:00 AM,12/31/1899 11:00:00 PM,Hall open 8 am to 10 pm,12/31/1899 6:00:00 AM,12/31/1899 11:00:00 PM,Hall open 8 am to 10 pm,12/31/1899 6:00:00 AM,12/31/1899 11:00:00 PM,Hall available 8 am to 12 am,311,-75.926651,45.26065445,OTTAWA,y,n,18
-75.90141296,45.29424667,-8449307,5667964,102100,RECREATION,Kanata Recreation Complex,Centre des loisirs de Kanata,100 CHARLIE ROGERS PL,"100, PLACE CHARLIE ROGERS",Open Year Round/Ouvert toute l?ann‚e,Not Applicable/Non applicable,Not Applicable/Non applicable,12/31/1899 6:00:00 AM,12/31/1899 11:00:00 PM,Not Applicable/Non applicable,12/31/1899 6:00:00 AM,12/31/1899 11:00:00 PM,Not Applicable/Non applicable,12/31/1899 6:00:00 AM,12/31/1899 11:00:00 PM,Not Applicable/Non applicable,12/31/1899 6:00:00 AM,12/31/1899 11:00:00 PM,Not Applicable/Non applicable,12/31/1899 6:00:00 AM,12/31/1899 11:00:00 PM,Not Applicable/Non applicable,12/31/1899 6:00:00 AM,12/31/1899 11:00:00 PM,Not Applicable/Non applicable,12/31/1899 6:00:00 AM,12/31/1899 11:00:00 PM,Not Applicable/Non applicable,311,-75.90141296,45.29424667,OTTAWA,y,n,19
-76.20626068,45.47013474,-8483242,5695841,102100,RECREATION,Fitzroy Harbour CC,Centre Communautaire de Fitzroy Harbour,100 CLIFFORD CAMPBELL ST,"100, RUE CLIFFORD CAMPBELL",Open Year Round/Ouvert toute l?ann‚e,Not Applicable/Non applicable,Not Applicable/Non applicable,Not Applicable/Non applicable,Not Applicable/Non applicable,Not Applicable/Non applicable,12/31/1899 5:30:00 PM,12/31/1899 8:30:00 PM,Not Applicable/Non applicable,Not Applicable/Non applicable,Not Applicable/Non applicable,Not Applicable/Non applicable,Not Applicable/Non applicable,Not Applicable/Non applicable,Not Applicable/Non applicable,12/31/1899 5:30:00 PM,12/31/1899 8:30:00 PM,Not Applicable/Non applicable,Not Applicable/Non applicable,Not Applicable/Non applicable,Not Applicable/Non applicable,12/31/1899 10:00:00 AM,12/31/1899 1:00:00 PM,Not Applicable/Non applicable,311,-76.20626068,45.47013474,OTTAWA,y,n,20
-75.76153564,45.28038406,-8433735,5665771,102100,RECREATION,Walter Baker Sports Centre,Centre sportif Walter-Baker,100 MALVERN DR,"100, CH. MALVERN",Open Year Round/Ouvert toute l?ann‚e,Not Applicable/Non applicable,Not Applicable/Non applicable,12/31/1899 8:00:00 AM,12/31/1899 8:30:00 PM,Not Applicable/Non applicable,12/31/1899 8:00:00 AM,12/31/1899 10:00:00 PM,Not Applicable/Non applicable,12/31/1899 8:00:00 AM,12/31/1899 10:00:00 PM,Not Applicable/Non applicable,12/31/1899 8:00:00 AM,12/31/1899 10:00:00 PM,Not Applicable/Non applicable,12/31/1899 8:00:00 AM,12/31/1899 10:00:00 PM,Not Applicable/Non applicable,12/31/1899 8:00:00 AM,12/31/1899 10:00:00 PM,Not Applicable/Non applicable,12/31/1899 8:00:00 AM,12/31/1899 8:30:00 PM,Not Applicable/Non applicable,311,-75.76153564,45.28038406,OTTAWA,y,n,21
-75.8013382,45.36373901,-8438166,5678968,102100,RECREATION,Ron Kolbus Lakeside Centre,Centre Ron-Kolbus Lakeside,102 Greenview Ave.,"102, ave  Greenview",Open Year Round/Ouvert toute l?ann‚e,Not Applicable/Non applicable,Not Applicable/Non applicable,Closed,Closed,Summer Open 11:00 AM to 7:00 PM,12/31/1899 9:00:00 AM,12/31/1899 5:00:00 PM,Summer Open 9:00 AM to 9:00 PM,12/31/1899 9:00:00 AM,12/31/1899 5:00:00 PM,Summer Open 9:00 AM to 9:00 PM,12/31/1899 9:00:00 AM,12/31/1899 5:00:00 PM,Summer Open 9:00 AM to 9:00 PM,12/31/1899 9:00:00 AM,12/31/1899 5:00:00 PM,Summer Open 9:00 AM to 9:00 PM,12/31/1899 9:00:00 AM,12/31/1899 5:00:00 PM,Summer Open 9:00 AM to 9:00 PM,Closed,Closed,Summer Open 11:00 AM to 7:00 PM,311,-75.8013382,45.36373901,OTTAWA,y,n,22
-75.72429657,45.40358353,-8429590,5685283,102100,RECREATION,Hintonburg CC,Hintonburg CC,1064 WELLINGTON ST    W,"1064, RUE WELLINGTON O.",Open Year Round/Ouvert toute l?ann‚e,Not Applicable/Non applicable,Not Applicable/Non applicable,12/31/1899 9:30:00 AM,12/31/1899 4:00:00 PM,Not Applicable/Non applicable,12/31/1899 9:00:00 AM,12/31/1899 10:00:00 PM,Not Applicable/Non applicable,12/31/1899 9:00:00 AM,12/31/1899 10:00:00 PM,Not Applicable/Non applicable,12/31/1899 9:00:00 AM,12/31/1899 10:00:00 PM,Not Applicable/Non applicable,12/31/1899 9:00:00 AM,12/31/1899 10:00:00 PM,Not Applicable/Non applicable,12/31/1899 9:00:00 AM,12/31/1899 10:00:00 PM,Not Applicable/Non applicable,12/31/1899 9:00:00 AM,12/31/1899 4:30:00 PM,Not Applicable/Non applicable,311,-75.72429657,45.40358353,OTTAWA,y,n,23
-75.79457855,45.34973526,-8437414,5676749,102100,Recreation,Foster Farm CC,Centre communautaire de Foster Farm,1065 Ramsey Crescent,1065. cres Ramsey,Open Year Round/Ouvert toute l?ann‚e,Not Applicable/Non applicable,Not Applicable/Non applicable,Not Applicable/Non applicable,Not Applicable/Non applicable,Not Applicable/Non applicable,12/31/1899 9:00:00 AM,12/31/1899 9:00:00 PM,Not Applicable/Non applicable,12/31/1899 9:00:00 AM,12/31/1899 9:00:00 PM,Not Applicable/Non applicable,12/31/1899 9:00:00 AM,12/31/1899 9:00:00 PM,Not Applicable/Non applicable,12/31/1899 9:00:00 AM,12/31/1899 9:00:00 PM,Not Applicable/Non applicable,12/31/1899 9:00:00 AM,12/31/1899 5:00:00 PM,Not Applicable/Non applicable,Not Applicable/Non applicable,Not Applicable/Non applicable,Not Applicable/Non applicable,311,-75.79457855,45.34973526,OTTAWA,y,n,24
-75.52600861,45.4742012,-8407517,5696486,102100,RECREATION,Pierre Rocque Community Centre,Centre communautaire du parc Pierre-Rocque,1070 ST. PIERRE ST,"1257, AV. JOSEPH DROUIN",Open Seasonally/Ouvert en saison,May/mai,August/ao–t,12/31/1899 9:00:00 AM,12/31/1899 5:00:00 PM,Not Applicable/Non applicable,12/31/1899 5:00:00 PM,12/31/1899 9:00:00 PM,Not Applicable/Non applicable,12/31/1899 5:00:00 PM,12/31/1899 9:00:00 PM,Not Applicable/Non applicable,12/31/1899 5:00:00 PM,12/31/1899 9:00:00 PM,Not Applicable/Non applicable,12/31/1899 5:00:00 PM,12/31/1899 9:00:00 PM,Not Applicable/Non applicable,12/31/1899 5:00:00 PM,12/31/1899 9:00:00 PM,Not Applicable/Non applicable,12/31/1899 9:00:00 AM,12/31/1899 5:00:00 PM,Not Applicable/Non applicable,311,-75.52600861,45.4742012,OTTAWA,y,n,25
-75.65905762,45.37330627,-8422328,5680483,102100,RECREATION,Jim Durrell Recreation Centre,Centre r‚cr‚atif Jim-Durrell,1265 WALKLEY RD,"1265, CH. WALKLEY",Open Year Round/Ouvert toute l?ann‚e,Not Applicable/Non applicable,Not Applicable/Non applicable,12/31/1899 9:00:00 AM,12/31/1899 9:00:00 PM,Not Applicable/Non applicable,12/31/1899 9:00:00 AM,12/31/1899 9:00:00 PM,Not Applicable/Non applicable,12/31/1899 9:00:00 AM,12/31/1899 9:00:00 PM,Not Applicable/Non applicable,12/31/1899 9:00:00 AM,12/31/1899 9:00:00 PM,Not Applicable/Non applicable,12/31/1899 9:00:00 AM,12/31/1899 9:00:00 PM,Not Applicable/Non applicable,12/31/1899 9:00:00 AM,12/31/1899 9:00:00 PM,Not Applicable/Non applicable,12/31/1899 9:00:00 AM,12/31/1899 9:00:00 PM,Not Applicable/Non applicable,311,-75.65905762,45.37330627,OTTAWA,y,n,26
-75.65760803,45.36737061,-8422167,5679543,102100,RECREATION,Deborah Anne Kirwan Pool,Piscine Deborah-Anne-Kirwan,1300 KITCHENER AVE,"1300, AV. KITCHENER",Open Year Round/Ouvert toute l?ann‚e,Not Applicable/Non applicable,Not Applicable/Non applicable,12/31/1899 8:30:00 AM,12/31/1899 7:00:00 PM,Not Applicable/Non applicable,12/31/1899 3:30:00 PM,12/31/1899 9:30:00 PM,Not Applicable/Non applicable,12/31/1899 3:30:00 PM,12/31/1899 9:30:00 PM,Not Applicable/Non applicable,12/31/1899 3:30:00 PM,12/31/1899 9:30:00 PM,Not Applicable/Non applicable,12/31/1899 3:30:00 PM,12/31/1899 9:30:00 PM,Not Applicable/Non applicable,12/31/1899 3:30:00 PM,12/31/1899 9:30:00 PM,Not Applicable/Non applicable,Closed,Closed,Not Applicable/Non applicable,311,-75.65760803,45.36737061,OTTAWA,y,n,27
-75.6539917,45.3789978,-8421764,5681386,102100,RECREATION,Heron Rd Multi-Service Cntr.,Centre multi-services du chemin Heron,1480 HERON RD,"1480, CH. HERON",Open Year Round/Ouvert toute l?ann‚e,Not Applicable/Non applicable,Not Applicable/Non applicable,12/31/1899 9:00:00 AM,12/31/1899 5:00:00 PM,Not Applicable/Non applicable,12/31/1899 8:00:00 AM,12/31/1899 9:00:00 PM,Not Applicable/Non applicable,12/31/1899 8:00:00 AM,12/31/1899 9:00:00 PM,Not Applicable/Non applicable,12/31/1899 8:00:00 AM,12/31/1899 9:00:00 PM,Not Applicable/Non applicable,12/31/1899 8:00:00 AM,12/31/1899 9:00:00 PM,Not Applicable/Non applicable,12/31/1899 8:00:00 AM,12/31/1899 9:00:00 PM,Not Applicable/Non applicable,12/31/1899 9:00:00 AM,12/31/1899 5:00:00 PM,Not Applicable/Non applicable,311,-75.6539917,45.3789978,OTTAWA,y,n,28
-75.54510498,45.46633911,-8409643,5695238,102100,RECREATION,Bob MacQuarrie Recreation Complex - Orl‚ans,Complexe r‚cr‚atif Bob-MacQuarrie - Orl‚ans,1490 YOUVILLE DR,"1490, CH. YOUVILLE",Open Year Round/Ouvert toute l?ann‚e,Not Applicable/Non applicable,Not Applicable/Non applicable,12/31/1899 7:00:00 AM,12/31/1899 7:30:00 PM,Not Applicable/Non applicable,12/31/1899 6:00:00 AM,12/31/1899 10:00:00 PM,Not Applicable/Non applicable,12/31/1899 6:00:00 AM,12/31/1899 10:00:00 PM,Not Applicable/Non applicable,12/31/1899 6:00:00 AM,12/31/1899 10:00:00 PM,Not Applicable/Non applicable,12/31/1899 6:00:00 AM,12/31/1899 10:00:00 PM,Not Applicable/Non applicable,12/31/1899 6:00:00 AM,12/31/1899 9:00:00 PM,Not Applicable/Non applicable,12/31/1899 7:30:00 AM,12/31/1899 7:30:00 PM,Not Applicable/Non applicable,311,-75.54510498,45.46633911,OTTAWA,y,n,29
-75.90758514,45.26353073,-8449994,5663105,102100,RECREATION,Goulbourn Recreation Complex,Complexe r‚cr‚atif Goulbourn,1500 SHEA RD,"1500, CH. SHEA",Open Year Round/Ouvert toute l?ann‚e,Not Applicable/Non applicable,Not Applicable/Non applicable,12/31/1899 7:00:00 AM,12/31/1899 10:00:00 PM,Rinks 6 am to 11 pm,12/31/1899 6:00:00 AM,12/31/1899 10:00:00 PM,Rinks 6 am to 11 pm,12/31/1899 6:00:00 AM,12/31/1899 10:00:00 PM,Rinks 6 am to 11 pm,12/31/1899 6:00:00 AM,12/31/1899 10:00:00 PM,Rinks 6 am to 11 pm,12/31/1899 6:00:00 AM,12/31/1899 10:00:00 PM,Rinks 6 am to 11 pm,12/31/1899 6:00:00 AM,12/31/1899 10:00:00 PM,Rinks 6 am to 12 am,12/31/1899 6:00:00 AM,12/31/1899 10:00:00 PM,Rinks 6 am to 12 am,311,-75.90758514,45.26353073,OTTAWA,y,n,30
-75.49311066,45.4720192,-8403854,5696140,102100,RECREATION,Ray Friel Recreation Complex,Complexe r‚cr‚atif Ray-Friel,1585 TENTH LINE RD,"1585, CH. TENTH LINE",Open Year Round/Ouvert toute l?ann‚e,Not Applicable/Non applicable,Not Applicable/Non applicable,12/31/1899 8:00:00 AM,12/31/1899 8:00:00 PM,Not Applicable/Non applicable,12/31/1899 6:00:00 AM,12/31/1899 10:00:00 PM,Not Applicable/Non applicable,12/31/1899 6:00:00 AM,12/31/1899 10:00:00 PM,Not Applicable/Non applicable,12/31/1899 6:00:00 AM,12/31/1899 10:00:00 PM,Not Applicable/Non applicable,12/31/1899 6:00:00 AM,12/31/1899 10:00:00 PM,Not Applicable/Non applicable,12/31/1899 6:00:00 AM,12/31/1899 10:00:00 PM,Not Applicable/Non applicable,12/31/1899 8:00:00 AM,12/31/1899 8:00:00 PM,Not Applicable/Non applicable,311,-75.49311066,45.4720192,OTTAWA,y,n,31
-75.70220184,45.35948563,-8427131,5678294,102100,RECREATION,Carleton Heights CC,Centre Communautaire Carleton Heights,1665 APELDOORN AVE,"1665, AV. APELDOORN",Open Year Round/Ouvert toute l?ann‚e,Not Applicable/Non applicable,Not Applicable/Non applicable,12/31/1899 9:30:00 AM,12/31/1899 11:30:00 AM,Not Applicable/Non applicable,12/31/1899 9:00:00 AM,12/31/1899 5:00:00 PM,6 to 9 PM,12/31/1899 9:00:00 AM,12/31/1899 5:00:00 PM,6 to 9 PM,12/31/1899 9:00:00 AM,12/31/1899 5:00:00 PM,6 to 9 PM,12/31/1899 9:00:00 AM,12/31/1899 5:00:00 PM,6 to 9 PM,12/31/1899 9:00:00 AM,12/31/1899 4:00:00 PM,Not Applicable/Non applicable,12/31/1899 9:30:00 AM,12/31/1899 2:30:00 PM,Not Applicable/Non applicable,311,-75.70220184,45.35948563,OTTAWA,y,n,32
-75.70274353,45.40948486,-8427191,5686219,102100,RECREATION,McNabb CC,Centre communautaire McNabb,180 PERCY ST,"180, RUE PERCY",Open Year Round/Ouvert toute l?ann‚e,Not Applicable/Non applicable,Not Applicable/Non applicable,12/31/1899 9:00:00 AM,12/31/1899 8:00:00 PM,Not Applicable/Non applicable,12/31/1899 8:00:00 AM,12/31/1899 10:00:00 PM,Not Applicable/Non applicable,12/31/1899 8:00:00 AM,12/31/1899 10:00:00 PM,Not Applicable/Non applicable,12/31/1899 8:00:00 AM,12/31/1899 10:00:00 PM,Not Applicable/Non applicable,12/31/1899 8:00:00 AM,12/31/1899 10:00:00 PM,Not Applicable/Non applicable,12/31/1899 8:00:00 AM,12/31/1899 10:00:00 PM,Not Applicable/Non applicable,12/31/1899 8:00:00 AM,12/31/1899 8:00:00 PM,Not Applicable/Non applicable,311,-75.70274353,45.40948486,OTTAWA,y,n,33
-75.68880463,45.42544174,-8425639,5688749,102100,ARTS AND CULTURE,Arts Court,Cour des Arts,2 DALY AVE,"2, AV. DALY",Open Year Round/Ouvert toute l?ann‚e,Not Applicable/Non applicable,Not Applicable/Non applicable,12/31/1899 9:00:00 AM,12/31/1899 11:00:00 PM,Not Applicable/Non applicable,12/31/1899 9:00:00 AM,12/31/1899 11:00:00 PM,Not Applicable/Non applicable,12/31/1899 9:00:00 AM,12/31/1899 11:00:00 PM,Not Applicable/Non applicable,12/31/1899 9:00:00 AM,12/31/1899 11:00:00 PM,Not Applicable/Non applicable,12/31/1899 9:00:00 AM,12/31/1899 11:00:00 PM,Not Applicable/Non applicable,12/31/1899 9:00:00 AM,12/31/1899 11:00:00 PM,Not Applicable/Non applicable,12/31/1899 9:00:00 AM,12/31/1899 11:00:00 PM,Not Applicable/Non applicable,311,-75.68880463,45.42544174,OTTAWA,y,n,34
-75.60056305,45.43752289,-8415816,5690665,102100,RECREATION,Splash Wave Pool,Piscine … vagues Splash,2040 OGILVIE RD,"2040, CH. OGILVIE",Open Year Round/Ouvert toute l?ann‚e,Not Applicable/Non applicable,Not Applicable/Non applicable,12/31/1899 7:30:00 AM,12/31/1899 6:00:00 PM,closed Mar 21-April 10,12/31/1899 6:00:00 AM,12/31/1899 9:00:00 PM,closed Mar 21-April 10,12/31/1899 6:00:00 AM,12/31/1899 8:30:00 PM,closed Mar 21-April 10,12/31/1899 6:00:00 AM,12/31/1899 9:00:00 PM,closed Mar 21-April 10,12/31/1899 6:00:00 AM,12/31/1899 8:30:00 PM,closed Mar 21-April 10,12/31/1899 6:00:00 AM,12/31/1899 9:00:00 PM,closed Mar 21-April 10,12/31/1899 8:00:00 AM,12/31/1899 6:00:00 PM,closed Mar 21-April 10,311,-75.60056305,45.43752289,OTTAWA,y,n,35
-75.62999725,45.39093781,-8419093,5683278,102100,RECREATION,Canterbury Community Centre,Centre Communautaire Canterbury,2185 ARCH ST,"2185, RUE ARCH",Open Year Round/Ouvert toute l?ann‚e,Not Applicable/Non applicable,Not Applicable/Non applicable,12/31/1899 9:00:00 AM,12/31/1899 6:00:00 PM,Not Applicable/Non applicable,12/31/1899 9:00:00 AM,12/31/1899 6:00:00 PM,Not Applicable/Non applicable,12/31/1899 9:00:00 AM,12/31/1899 6:00:00 PM,Not Applicable/Non applicable,12/31/1899 9:00:00 AM,12/31/1899 6:00:00 PM,Not Applicable/Non applicable,12/31/1899 9:00:00 AM,12/31/1899 6:00:00 PM,Not Applicable/Non applicable,12/31/1899 9:00:00 AM,12/31/1899 6:00:00 PM,Not Applicable/Non applicable,12/31/1899 9:00:00 AM,12/31/1899 6:00:00 PM,Not Applicable/Non applicable,311,-75.62999725,45.39093781,OTTAWA,y,n,36
-75.77291107,45.34791946,-8435002,5676462,102100,RECREATION,Pinecrest Recreation Complex,Complexe r‚cr‚atif Pinecrest,2250 TORQUAY AVE,"2250, AV. TORQUAY",Open Year Round/Ouvert toute l?ann‚e,Not Applicable/Non applicable,Not Applicable/Non applicable,12/31/1899 8:00:00 AM,12/31/1899 7:00:00 PM,Not Applicable/Non applicable,12/31/1899 7:00:00 AM,12/31/1899 9:00:00 PM,Not Applicable/Non applicable,12/31/1899 7:00:00 AM,12/31/1899 9:00:00 PM,Not Applicable/Non applicable,12/31/1899 7:00:00 AM,12/31/1899 9:00:00 PM,Not Applicable/Non applicable,12/31/1899 7:00:00 AM,12/31/1899 9:00:00 PM,Not Applicable/Non applicable,12/31/1899 7:00:00 AM,12/31/1899 8:00:00 PM,Not Applicable/Non applicable,12/31/1899 8:00:00 AM,12/31/1899 7:00:00 PM,Not Applicable/Non applicable,311,-75.77291107,45.34791946,OTTAWA,y,n,37
-75.46310425,45.45450592,-8400514,5693361,102100,RECREATION,Fran‡ois Dupuis Rec Centre,Centre r‚cr‚atif Fran‡ois-Dupuis,2263 PORTOBELLO BLVD,"2263, BOUL. PORTOBELLO",Open Year Round/Ouvert toute l?ann‚e,Not Applicable/Non applicable,Not Applicable/Non applicable,12/31/1899 8:00:00 AM,12/31/1899 6:00:00 PM,Not Applicable/Non applicable,12/31/1899 7:00:00 AM,12/31/1899 9:30:00 PM,Not Applicable/Non applicable,12/31/1899 7:00:00 AM,12/31/1899 9:30:00 PM,Not Applicable/Non applicable,12/31/1899 7:00:00 AM,12/31/1899 9:30:00 PM,Not Applicable/Non applicable,12/31/1899 7:00:00 AM,12/31/1899 9:30:00 PM,Not Applicable/Non applicable,12/31/1899 7:00:00 AM,12/31/1899 9:30:00 PM,Not Applicable/Non applicable,12/31/1899 8:00:00 AM,12/31/1899 7:30:00 PM,Not Applicable/Non applicable,311,-75.46310425,45.45450592,OTTAWA,y,n,38
-75.67762756,45.42273331,-8424395,5688320,102100,RECREATION,Sandy Hill Community Centre,Centre Communautaire de C“te-de-Sable,250 SOMERSET ST    E,"250, RUE SOMERSET E.",Open Year Round/Ouvert toute l?ann‚e,Not Applicable/Non applicable,Not Applicable/Non applicable,12/31/1899 9:00:00 AM,12/31/1899 12:30:00 PM,Not Applicable/Non applicable,12/31/1899 9:00:00 AM,12/31/1899 9:00:00 PM,Not Applicable/Non applicable,12/31/1899 9:00:00 AM,12/31/1899 9:00:00 PM,Not Applicable/Non applicable,12/31/1899 9:00:00 AM,12/31/1899 9:00:00 PM,Not Applicable/Non applicable,12/31/1899 9:00:00 AM,12/31/1899 9:00:00 PM,Not Applicable/Non applicable,12/31/1899 9:00:00 AM,12/31/1899 9:00:00 PM,Not Applicable/Non applicable,12/31/1899 10:00:00 AM,12/31/1899 5:00:00 PM,closed July and August,311,-75.67762756,45.42273331,OTTAWA,y,n,39
-75.6818161,45.39467239,-8424861,5683870,102100,RECREATION,Ottawa South Community Centre,Centre Communautaire d'Ottawa-Sud,260 SUNNYSIDE AVE,"260, PROM. SUNNYSIDE",Open Year Round/Ouvert toute l?ann‚e,Not Applicable/Non applicable,Not Applicable/Non applicable,12/31/1899 9:00:00 AM,12/31/1899 5:00:00 AM,"9:00am -1:00 July & August , closed on holidays",12/31/1899 6:30:00 AM,12/31/1899 9:00:00 AM,closed on statutory holidays,12/31/1899 6:30:00 AM,12/31/1899 9:00:00 PM,closed on statutory holidays,12/31/1899 6:30:00 AM,12/31/1899 9:00:00 PM,closed on statutory holidays,12/31/1899 6:30:00 AM,12/31/1899 9:00:00 PM,closed on statutory holidays,12/31/1899 6:30:00 AM,12/31/1899 6:00:00 PM,closed on staturoty holidays,12/31/1899 8:00:00 AM,12/31/1899 5:00:00 PM,9:00 am-1:00 pm July & August closed on holidays,311,-75.6818161,45.39467239,OTTAWA,y,n,40
-75.46839142,45.22990799,-8401103,5657789,102100,RECREATION,Metcalfe CC & Larry Robinson Arena,Centre communautaire Metcalfe et Ar‚na Larry-Robinson,2785 8TH LINE RD,"2785, CH. 8TH LINE",Open Year Round/Ouvert toute l?ann‚e,Not Applicable/Non applicable,Not Applicable/Non applicable,12/31/1899 8:00:00 AM,12/31/1899 10:00:00 PM,April-Sept only open when booked,12/31/1899 8:00:00 AM,12/31/1899 10:00:00 PM,April-Sept only open when booked,12/31/1899 8:00:00 AM,12/31/1899 10:00:00 PM,April-Sept only open when booked,12/31/1899 8:00:00 AM,12/31/1899 10:00:00 PM,April-Sept only open when booked,12/31/1899 8:00:00 AM,12/31/1899 10:00:00 PM,April-Sept only open when booked,12/31/1899 8:00:00 AM,12/31/1899 10:00:00 PM,April-Sept only open when booked,12/31/1899 8:00:00 AM,12/31/1899 10:00:00 PM,April-Sept only open when booked,311,-75.46839142,45.22990799,OTTAWA,y,n,41
-75.47797394,45.45321274,-8402170,5693155,102100,RECREATION,Aquaview Community Hall,Salle Communautaire Aquaview,318 AQUAVIEW DR,"318, PROM. AQUAVIEW",Open Year Round/Ouvert toute l?ann‚e,Not Applicable/Non applicable,Not Applicable/Non applicable,Not Applicable/Non applicable,Not Applicable/Non applicable,Not Applicable/Non applicable,12/31/1899 8:30:00 AM,12/31/1899 8:00:00 PM,Not Applicable/Non applicable,12/31/1899 8:30:00 AM,12/31/1899 6:00:00 PM,Not Applicable/Non applicable,12/31/1899 8:30:00 AM,12/31/1899 6:00:00 PM,Not Applicable/Non applicable,12/31/1899 8:30:00 AM,12/31/1899 6:00:00 PM,Not Applicable/Non applicable,12/31/1899 8:30:00 AM,12/31/1899 6:00:00 PM,Not Applicable/Non applicable,Not Applicable/Non applicable,Not Applicable/Non applicable,Not Applicable/Non applicable,311,-75.47797394,45.45321274,OTTAWA,y,n,42
-75.68966675,45.41575241,-8425735,5687212,102100,RECREATION,Jack Purcell Community Centre,Centre communautaire Jack-Purcell,320 JACK PURCELL LANE,"320, RLE. JACK PURCELL",Open Year Round/Ouvert toute l?ann‚e,Not Applicable/Non applicable,Not Applicable/Non applicable,12/31/1899 9:00:00 PM,12/31/1899 8:00:00 PM,Not Applicable/Non applicable,12/31/1899 7:30:00 AM,12/31/1899 9:00:00 PM,Not Applicable/Non applicable,12/31/1899 7:30:00 AM,12/31/1899 9:00:00 PM,Not Applicable/Non applicable,12/31/1899 7:30:00 AM,12/31/1899 9:00:00 PM,Not Applicable/Non applicable,12/31/1899 7:30:00 AM,12/31/1899 9:00:00 PM,Not Applicable/Non applicable,12/31/1899 7:30:00 AM,12/31/1899 9:00:00 PM,Not Applicable/Non applicable,12/31/1899 8:30:00 AM,12/31/1899 9:00:00 PM,Not Applicable/Non applicable,311,-75.68966675,45.41575241,OTTAWA,y,n,43
-75.6867218,45.43066025,-8425407,5689577,102100,RECREATION,Champagne Bath Pool,Piscine Bain Champagne,321 KING EDWARD AVE,"321, AV. KING EDWARD",Open Year Round/Ouvert toute l?ann‚e,Not Applicable/Non applicable,Not Applicable/Non applicable,12/31/1899 9:00:00 AM,12/31/1899 4:00:00 PM,Not Applicable/Non applicable,12/31/1899 9:00:00 AM,12/31/1899 9:00:00 PM,Not Applicable/Non applicable,12/31/1899 9:00:00 AM,12/31/1899 8:00:00 PM,Not Applicable/Non applicable,12/31/1899 9:00:00 AM,12/31/1899 8:00:00 PM,Not Applicable/Non applicable,12/31/1899 6:30:00 AM,12/31/1899 8:00:00 PM,Not Applicable/Non applicable,12/31/1899 9:00:00 AM,12/31/1899 7:00:00 PM,Not Applicable/Non applicable,12/31/1899 9:00:00 AM,12/31/1899 4:00:00 PM,Not Applicable/Non applicable,311,-75.6867218,45.43066025,OTTAWA,y,n,44
-75.59750366,45.3311882,-8415476,5673812,102100,RECREATION,Fred G. Barrett Arena,Ar‚na Fred- G.- Barrett,3280 LEITRIM RD,"3280, CH. LEITRIM",Open Year Round/Ouvert toute l?ann‚e,Not Applicable/Non applicable,Not Applicable/Non applicable,12/31/1899 6:30:00 AM,12/31/1899 10:00:00 PM,Closed May-Sept. unless booked,12/31/1899 6:30:00 AM,12/31/1899 11:00:00 PM,May-Sept closed at 10 pm,12/31/1899 6:30:00 AM,12/31/1899 11:00:00 PM,May-Sept closed at 10 pm,12/31/1899 6:30:00 AM,12/31/1899 11:00:00 PM,May-Sept closed at 10 pm,12/31/1899 6:30:00 AM,12/31/1899 11:00:00 PM,May-Sept closed at 10 pm,12/31/1899 6:30:00 AM,12/31/1899 11:00:00 PM,May-Sept closed at 10 pm,12/31/1899 6:30:00 AM,12/31/1899 10:00:00 PM,Closed May-Sept unless booked,311,-75.59750366,45.3311882,OTTAWA,y,n,45
-75.65680695,45.42552948,-8422077,5688763,102100,RECREATION,Overbrook Community Centre,Centre Communautaire Overbrook,33 QUILL ST,"33, RUE QUILL",Open Year Round/Ouvert toute l?ann‚e,Not Applicable/Non applicable,Not Applicable/Non applicable,12/31/1899 9:00:00 AM,12/31/1899 7:00:00 PM,Not Applicable/Non applicable,12/31/1899 9:00:00 AM,12/31/1899 10:00:00 PM,Not Applicable/Non applicable,12/31/1899 9:00:00 AM,12/31/1899 10:00:00 PM,Not Applicable/Non applicable,12/31/1899 9:00:00 AM,12/31/1899 10:00:00 PM,Not Applicable/Non applicable,12/31/1899 9:00:00 AM,12/31/1899 10:00:00 PM,Not Applicable/Non applicable,12/31/1899 9:00:00 AM,12/31/1899 10:00:00 AM,Not Applicable/Non applicable,12/31/1899 9:00:00 AM,12/31/1899 8:00:00 PM,Not Applicable/Non applicable,311,-75.65680695,45.42552948,OTTAWA,y,n,46
-75.67281342,45.35214996,-8423859,5677131,102100,RECREATION,Hunt Club Riverside CC,Centre communautaire Hunt Club Riverside,3320 PAUL ANKA DR,"3320, PROM. PAUL ANKA",Open Year Round/Ouvert toute l?ann‚e,Not Applicable/Non applicable,Not Applicable/Non applicable,12/31/1899 8:30:00 AM,12/31/1899 5:00:00 PM,Not Applicable/Non applicable,12/31/1899 7:00:00 AM,12/31/1899 9:00:00 PM,Not Applicable/Non applicable,12/31/1899 7:00:00 AM,12/31/1899 9:00:00 PM,Not Applicable/Non applicable,12/31/1899 7:00:00 AM,12/31/1899 9:00:00 PM,Not Applicable/Non applicable,12/31/1899 7:00:00 AM,12/31/1899 9:00:00 PM,Not Applicable/Non applicable,12/31/1899 7:00:00 AM,12/31/1899 9:00:00 PM,Not Applicable/Non applicable,12/31/1899 8:30:00 AM,12/31/1899 5:00:00 PM,Not Applicable/Non applicable,311,-75.67281342,45.35214996,OTTAWA,y,n,47
-75.63633728,45.34972763,-8419798,5676748,102100,RECREATION,Sawmill Creek Pool and Community Centre,Piscine et centre communautaire Sawmill Creek,3380 D'AOUST AVE,"3380, AV. D'AOUST",Open Year Round/Ouvert toute l?ann‚e,Not Applicable/Non applicable,Not Applicable/Non applicable,12/31/1899 8:30:00 AM,12/31/1899 3:00:00 PM,Not Applicable/Non applicable,12/31/1899 8:00:00 AM,12/31/1899 8:30:00 PM,Not Applicable/Non applicable,12/31/1899 7:00:00 AM,12/31/1899 9:00:00 PM,Not Applicable/Non applicable,12/31/1899 8:00:00 AM,12/31/1899 8:30:00 PM,Not Applicable/Non applicable,12/31/1899 7:00:00 AM,12/31/1899 9:00:00 PM,Not Applicable/Non applicable,12/31/1899 8:00:00 AM,12/31/1899 8:30:00 PM,Not Applicable/Non applicable,12/31/1899 8:30:00 AM,12/31/1899 3:00:00 PM,Not Applicable/Non applicable,311,-75.63633728,45.34972763,OTTAWA,y,n,48
-75.82197571,45.32856369,-8440464,5673396,102100,ARTS AND CULTURE,Creative Arts Centre,Centre des Arts Cr‚atifs,35 STAFFORD RD,"35, CH. STAFFORD",Open Year Round/Ouvert toute l?ann‚e,Not Applicable/Non applicable,Not Applicable/Non applicable,Special Hours/Heures de fonctionnement sp‚cial,Special Hours/Heures de fonctionnement sp‚cial,hrs vary closed in summer,12/31/1899 8:30:00 AM,12/31/1899 4:30:00 AM,evening hours vary,12/31/1899 8:30:00 AM,12/31/1899 4:30:00 AM,evening hrs vary,12/31/1899 8:30:00 AM,12/31/1899 4:30:00 AM,evening hrs vary,12/31/1899 8:30:00 PM,12/31/1899 4:30:00 PM,evening hrs vary,12/31/1899 8:30:00 PM,12/31/1899 4:30:00 AM,evening hrs vary,Special Hours/Heures de fonctionnement sp‚cial,Special Hours/Heures de fonctionnement sp‚cial,hrs vary closed in summer,311,-75.82197571,45.32856369,OTTAWA,y,n,49
-75.63560486,45.36346054,-8419717,5678923,102100,RECREATION,Greenboro CC,Centre communautaire Greenboro,363 LORRY GREENBERG DR,"363, PROM. LORRY GREENBERG",Open Year Round/Ouvert toute l?ann‚e,Not Applicable/Non applicable,Not Applicable/Non applicable,12/31/1899 8:00:00 AM,12/31/1899 8:00:00 PM,Not Applicable/Non applicable,12/31/1899 8:00:00 AM,12/31/1899 9:00:00 PM,Not Applicable/Non applicable,12/31/1899 8:00:00 AM,12/31/1899 9:00:00 PM,Not Applicable/Non applicable,12/31/1899 8:00:00 AM,12/31/1899 9:00:00 PM,Not Applicable/Non applicable,12/31/1899 8:00:00 AM,12/31/1899 9:00:00 PM,Not Applicable/Non applicable,12/31/1899 8:00:00 AM,12/31/1899 9:00:00 PM,Not Applicable/Non applicable,12/31/1899 8:00:00 AM,12/31/1899 8:00:00 PM,Not Applicable/Non applicable,311,-75.63560486,45.36346054,OTTAWA,y,n,50
-75.49394226,45.43141937,-8403947,5689698,102100,RECREATION,Notre Dame Des Champs Community Centre,Centre communautaire Notre-Dame-des-Champs,3659 NAVAN RD,"3659, CH. NAVAN",Open Seasonally/Ouvert en saison,June/juin,August/ao–t,12/31/1899 10:00:00 AM,12/31/1899 4:00:00 PM,Not Applicable/Non applicable,Not Applicable/Non applicable,Not Applicable/Non applicable,Not Applicable/Non applicable,Not Applicable/Non applicable,Not Applicable/Non applicable,Not Applicable/Non applicable,Not Applicable/Non applicable,Not Applicable/Non applicable,Not Applicable/Non applicable,Not Applicable/Non applicable,Not Applicable/Non applicable,Not Applicable/Non applicable,Not Applicable/Non applicable,Not Applicable/Non applicable,Not Applicable/Non applicable,12/31/1899 10:00:00 AM,12/31/1899 4:00:00 PM,Not Applicable/Non applicable,311,-75.49394226,45.43141937,OTTAWA,y,n,51
-76.03910065,45.34915924,-8464634,5676658,102100,RECREATION,Erskine Johnson Arena & CC,Ar‚na et centre communautaire W.-Erskine-Johnson,3832 CARP RD,"3832, CH. CARP",Open Seasonally/Ouvert en saison,October/octobre,March/mars,12/31/1899 7:00:00 AM,12/31/1899 11:00:00 AM,Not Applicable/Non applicable,12/31/1899 9:30:00 AM,12/31/1899 11:00:00 PM,Not Applicable/Non applicable,12/31/1899 9:30:00 AM,12/31/1899 11:00:00 PM,Not Applicable/Non applicable,12/31/1899 9:30:00 AM,12/31/1899 11:00:00 PM,Not Applicable/Non applicable,12/31/1899 9:30:00 AM,12/31/1899 11:00:00 PM,Not Applicable/Non applicable,12/31/1899 9:30:00 AM,12/31/1899 11:00:00 PM,Not Applicable/Non applicable,12/31/1899 7:00:00 AM,12/31/1899 11:00:00 AM,Not Applicable/Non applicable,311,-76.03910065,45.34915924,OTTAWA,y,n,52
-75.92945862,45.34019089,-8452429,5675237,102100,RECREATION,Richcraft Recreation Complex,Complexe r‚cr‚atif Richcraft,4101 INNOVATION DR,"4101, PROM. INNOVATION",Open Year Round/Ouvert toute l?ann‚e,Not Applicable/Non applicable,Not Applicable/Non applicable,12/31/1899 7:00:00 AM,12/31/1899 9:00:00 PM,Not Applicable/Non applicable,12/31/1899 6:00:00 AM,12/31/1899 10:00:00 PM,Not Applicable/Non applicable,12/31/1899 6:00:00 AM,12/31/1899 10:00:00 PM,Not Applicable/Non applicable,12/31/1899 6:00:00 AM,12/31/1899 10:00:00 PM,Not Applicable/Non applicable,12/31/1899 6:00:00 AM,12/31/1899 10:00:00 PM,Not Applicable/Non applicable,12/31/1899 6:00:00 AM,12/31/1899 10:00:00 PM,Not Applicable/Non applicable,12/31/1899 7:00:00 AM,12/31/1899 9:00:00 PM,Not Applicable/Non applicable,311,-75.92945862,45.34019089,OTTAWA,y,n,53
-75.75289917,45.38343048,-8432774,5682088,102100,RECREATION,Dovercourt Recreation Complex,Centre r‚cr‚atif Dovercourt,411 DOVERCOURT AVE,"411, AV. DOVERCOURT",Open Year Round/Ouvert toute l?ann‚e,Not Applicable/Non applicable,Not Applicable/Non applicable,12/31/1899 6:30:00 AM,12/31/1899 8:30:00 PM,Not Applicable/Non applicable,12/31/1899 6:30:00 AM,12/31/1899 10:00:00 PM,Not Applicable/Non applicable,12/31/1899 6:30:00 AM,12/31/1899 10:00:00 PM,Not Applicable/Non applicable,12/31/1899 6:30:00 AM,12/31/1899 10:00:00 PM,Not Applicable/Non applicable,12/31/1899 6:30:00 AM,12/31/1899 10:00:00 PM,Not Applicable/Non applicable,12/31/1899 6:30:00 AM,12/31/1899 9:00:00 PM,Not Applicable/Non applicable,12/31/1899 6:30:00 AM,12/31/1899 9:30:00 PM,Not Applicable/Non applicable,311,-75.75289917,45.38343048,OTTAWA,y,n,54
-75.68740082,45.27737427,-8425483,5665295,102100,RECREATION,Rideauview Community Centre,Centre communautaire Rideauview,4310 SHORELINE DR,"4310, PROM. SHORELINE",Open Year Round/Ouvert toute l?ann‚e,Not Applicable/Non applicable,Not Applicable/Non applicable,Closed,Closed,Not Applicable/Non applicable,12/31/1899 9:00:00 AM,12/31/1899 6:00:00 PM,Not Applicable/Non applicable,12/31/1899 9:00:00 AM,12/31/1899 6:00:00 PM,Not Applicable/Non applicable,12/31/1899 9:00:00 AM,12/31/1899 6:00:00 PM,Not Applicable/Non applicable,12/31/1899 9:00:00 AM,12/31/1899 6:00:00 PM,Not Applicable/Non applicable,12/31/1899 9:00:00 AM,12/31/1899 6:00:00 PM,Not Applicable/Non applicable,Closed,Closed,Not Applicable/Non applicable,311,-75.68740082,45.27737427,OTTAWA,y,n,55
-75.64781952,45.43630219,-8421077,5690472,102100,RECREATION,St. Laurent Complex/Don Gamble Community Centre,Complexe St. Laurent - Centre communautaire Don Gamble,525 COTE ST,"525, RUE C“t‚",Open Year Round/Ouvert toute l?ann‚e,Not Applicable/Non applicable,Not Applicable/Non applicable,12/31/1899 7:00:00 AM,12/31/1899 8:00:00 PM,Not Applicable/Non applicable,12/31/1899 6:00:00 AM,12/31/1899 10:00:00 PM,Not Applicable/Non applicable,12/31/1899 6:00:00 AM,12/31/1899 10:00:00 PM,Not Applicable/Non applicable,12/31/1899 6:00:00 AM,12/31/1899 10:00:00 PM,Not Applicable/Non applicable,12/31/1899 6:00:00 AM,12/31/1899 10:00:00 PM,Not Applicable/Non applicable,12/31/1899 6:00:00 AM,12/31/1899 10:00:00 PM,Not Applicable/Non applicable,12/31/1899 7:00:00 AM,12/31/1899 8:00:00 PM,Not Applicable/Non applicable,311,-75.64781952,45.43630219,OTTAWA,y,n,56
-75.68660736,45.22190094,-8425395,5656523,102100,RECREATION,Manotick Arena,Ar‚na de Manotick,5572 DOCTOR LEACH DR,"5572, PROM. DOCTOR LEACH",Open Year Round/Ouvert toute l?ann‚e,Not Applicable/Non applicable,Not Applicable/Non applicable,12/31/1899 8:00:00 AM,12/31/1899 10:00:00 PM,April-Sept open when booked,12/31/1899 8:00:00 AM,12/31/1899 10:00:00 PM,April-Sept open when booked,12/31/1899 8:00:00 AM,12/31/1899 10:00:00 PM,April-Sept open when booked,12/31/1899 8:00:00 AM,12/31/1899 10:00:00 PM,April-Sept open when booked,12/31/1899 8:00:00 AM,12/31/1899 10:00:00 PM,April-Sept open when booked,12/31/1899 8:00:00 AM,12/31/1899 10:00:00 PM,April-Sept open when booked,12/31/1899 8:00:00 AM,12/31/1899 10:00:00 PM,April-Sept open when booked,311,-75.68660736,45.22190094,OTTAWA,y,n,57
-75.83794403,45.19584274,-8442241,5652406,102100,RECREATION,Richmond Arena & CC,Centre communautaire et Ar‚na Richmond,6095 PERTH ST,"6095, RUE PERTH",Open Year Round/Ouvert toute l?ann‚e,Not Applicable/Non applicable,Not Applicable/Non applicable,12/31/1899 6:00:00 AM,12/31/1899 11:30:00 PM,Not Applicable/Non applicable,12/31/1899 6:00:00 AM,12/31/1899 10:00:00 PM,Not Applicable/Non applicable,12/31/1899 6:00:00 AM,12/31/1899 10:00:00 PM,Not Applicable/Non applicable,12/31/1899 6:00:00 AM,12/31/1899 10:00:00 PM,Not Applicable/Non applicable,12/31/1899 6:00:00 AM,12/31/1899 10:00:00 PM,Not Applicable/Non applicable,12/31/1899 6:00:00 AM,12/31/1899 10:00:00 PM,Not Applicable/Non applicable,12/31/1899 6:00:00 AM,12/31/1899 11:30:00 PM,Not Applicable/Non applicable,311,-75.83794403,45.19584274,OTTAWA,y,n,58
-75.67988586,45.41299438,-8424646,5686775,102100,RECREATION,Ottawa East Community Centre,Centre communautaire d'Ottawa-Est,61 MAIN ST,"61, RUE MAIN",Open Seasonally/Ouvert en saison,September/septembre,June/juin,12/31/1899 9:30:00 AM,12/31/1899 12:30:00 PM,Not Applicable/Non applicable,12/31/1899 1:00:00 PM,12/31/1899 8:30:00 PM,Not Applicable/Non applicable,12/31/1899 1:00:00 PM,12/31/1899 8:30:00 PM,Not Applicable/Non applicable,12/31/1899 1:00:00 PM,12/31/1899 8:30:00 PM,Not Applicable/Non applicable,12/31/1899 1:00:00 PM,12/31/1899 8:30:00 PM,Not Applicable/Non applicable,12/31/1899 1:00:00 PM,12/31/1899 5:00:00 PM,Not Applicable/Non applicable,Special Hours/Heures de fonctionnement sp‚cial,Special Hours/Heures de fonctionnement sp‚cial,closed,311,-75.67988586,45.41299438,OTTAWA,y,n,59
-75.85769653,45.29062653,-8444440,5667391,102100,RECREATION,Eva James Community Centre,Centre communautaire Eva-James,65 STONEHAVEN DR,"65, PROM. STONEHAVEN",Open Year Round/Ouvert toute l?ann‚e,Not Applicable/Non applicable,Not Applicable/Non applicable,12/31/1899 9:00:00 AM,12/31/1899 7:00:00 PM,July and August Closed,12/31/1899 9:00:00 AM,12/31/1899 9:00:00 PM,July and August 8AM-5PM,12/31/1899 9:00:00 AM,12/31/1899 9:00:00 PM,July and August 8AM-5PM,12/31/1899 9:00:00 AM,12/31/1899 9:00:00 PM,July and August 8AM-5PM,12/31/1899 9:00:00 AM,12/31/1899 9:00:00 PM,July and August 8AM-5PM,12/31/1899 9:00:00 AM,12/31/1899 9:00:00 PM,July and August 8AM-5PM,12/31/1899 9:00:00 AM,12/31/1899 5:00:00 PM,July and August Closed,311,-75.85769653,45.29062653,OTTAWA,y,n,60
-75.61975098,45.42864227,-8417952,5689257,102100,RECREATION,Cyrville CC,Centre communautaire Cyrville,4355 HALMONT DR,"4355, PROM. HALMONT",Open Year Round/Ouvert toute l?ann‚e,Not Applicable/Non applicable,Not Applicable/Non applicable,12/31/1899 9:00:00 AM,12/31/1899 1:00:00 PM,Not Applicable/Non applicable,12/31/1899 9:00:00 AM,12/31/1899 9:00:00 PM,Not Applicable/Non applicable,12/31/1899 9:00:00 AM,12/31/1899 8:00:00 PM,Not Applicable/Non applicable,12/31/1899 9:00:00 AM,12/31/1899 9:00:00 PM,Not Applicable/Non applicable,12/31/1899 9:00:00 AM,12/31/1899 9:00:00 PM,Not Applicable/Non applicable,12/31/1899 9:00:00 AM,12/31/1899 9:00:00 PM,Not Applicable/Non applicable,12/31/1899 9:00:00 AM,12/31/1899 1:00:00 PM,Not Applicable/Non applicable,311,-75.61975098,45.42864227,OTTAWA,y,n,61
-75.89929199,45.31142044,-8449071,5670682,102100,RECREATION,Kanata Leisure & Wave Pool Cntr,Centre des loisirs et piscine … vagues de Kanata,70 AIRD PL,"70, PLACE AIRD",Open Year Round/Ouvert toute l?ann‚e,Not Applicable/Non applicable,Not Applicable/Non applicable,12/31/1899 7:00:00 AM,12/31/1899 7:30:00 PM,Modified holiday hours may occur during the year,12/31/1899 6:30:00 AM,12/31/1899 9:30:00 PM,Modified holiday hours may occur during the year,12/31/1899 6:30:00 AM,12/31/1899 9:30:00 PM,Modified holiday hours may occur during the year,12/31/1899 6:30:00 AM,12/31/1899 9:30:00 PM,Modified holiday hours may occur during the year,12/31/1899 6:30:00 AM,12/31/1899 9:30:00 PM,Modified holiday hours may occur during the year,12/31/1899 6:30:00 AM,12/31/1899 9:30:00 PM,Modified holiday hours may occur during the year,12/31/1899 7:00:00 AM,12/31/1899 8:30:00 PM,Modified holiday hours may occur during the year,311,-75.89929199,45.31142044,OTTAWA,y,n,62
-75.70901489,45.41057587,-8427889,5686391,102100,RECREATION,Dalhousie Community Centre,Centre communautaire Dalhousie,755 SOMERSET ST    W,"755, RUE SOMERSET O.",Open Year Round/Ouvert toute l?ann‚e,Not Applicable/Non applicable,Not Applicable/Non applicable,Closed,Closed,Not Applicable/Non applicable,12/31/1899 8:00:00 AM,12/31/1899 9:00:00 PM,closed last 2 weeks in Dec,12/31/1899 8:00:00 AM,12/31/1899 9:00:00 PM,closed last 2 weeks in Dec,12/31/1899 8:00:00 AM,12/31/1899 9:00:00 PM,closed last 2 weeks in Dec,12/31/1899 8:00:00 AM,12/31/1899 9:00:00 PM,closed last 2 weeks in Dec,12/31/1899 8:00:00 AM,12/31/1899 4:00:00 PM,closed last 2 weeks in Dec,Closed,Closed,Not Applicable/Non applicable,311,-75.70901489,45.41057587,OTTAWA,y,n,63
-75.71429443,45.40799713,-8428476,5685983,102100,RECREATION,Plant Bath Recreation Centre,Centre r‚cr‚atif Plant,930 SOMERSET ST    W,"930, RUE SOMERSET O.",Open Year Round/Ouvert toute l?ann‚e,Not Applicable/Non applicable,Not Applicable/Non applicable,12/31/1899 8:00:00 AM,12/31/1899 6:00:00 PM,Not Applicable/Non applicable,12/31/1899 7:00:00 AM,12/31/1899 9:30:00 PM,Not Applicable/Non applicable,12/31/1899 7:00:00 AM,12/31/1899 9:30:00 PM,Not Applicable/Non applicable,12/31/1899 7:00:00 AM,12/31/1899 9:30:00 PM,Not Applicable/Non applicable,12/31/1899 7:00:00 AM,12/31/1899 9:30:00 PM,Not Applicable/Non applicable,12/31/1899 7:00:00 AM,12/31/1899 9:30:00 PM,Not Applicable/Non applicable,12/31/1899 8:00:00 AM,12/31/1899 6:00:00 PM,Not Applicable/Non applicable,311,-75.71429443,45.40799713,OTTAWA,y,n,64
-75.73142242,45.3805275,-8430383,5681628,102100,RECREATION,Alexander CC,Centre Communautaire Alexander,960 SILVER ST,"960, RUE SILVER",Open Year Round/Ouvert toute l?ann‚e,Not Applicable/Non applicable,Not Applicable/Non applicable,Closed,Closed,Not Applicable/Non applicable,12/31/1899 10:00:00 AM,12/31/1899 9:00:00 PM,Not Applicable/Non applicable,12/31/1899 10:00:00 AM,12/31/1899 9:00:00 PM,Not Applicable/Non applicable,12/31/1899 9:00:00 AM,12/31/1899 9:30:00 PM,Not Applicable/Non applicable,12/31/1899 10:00:00 AM,12/31/1899 9:00:00 PM,Not Applicable/Non applicable,12/31/1899 10:00:00 AM,12/31/1899 8:00:00 PM,Not Applicable/Non applicable,12/31/1899 9:00:00 AM,12/31/1899 5:00:00 PM,Not Applicable/Non applicable,311,-75.73142242,45.3805275,OTTAWA,y,n,65
-75.46148682,45.47095871,-8400334,5695971,102100,RECREATION,South Fallingbrook Community Centre,Centre Communautaire South Fallingbrook,998 Valin,998 Valin,Open Year Round/Ouvert toute l?ann‚e,Not Applicable/Non applicable,Not Applicable/Non applicable,12/31/1899 8:30:00 AM,12/31/1899 5:00:00 PM,Not Applicable/Non applicable,12/31/1899 8:00:00 AM,12/31/1899 10:00:00 PM,Not Applicable/Non applicable,12/31/1899 8:00:00 AM,12/31/1899 10:00:00 PM,Not Applicable/Non applicable,12/31/1899 8:00:00 AM,12/31/1899 10:00:00 PM,Not Applicable/Non applicable,12/31/1899 8:00:00 AM,12/31/1899 10:00:00 PM,Not Applicable/Non applicable,12/31/1899 8:00:00 AM,12/31/1899 8:00:00 PM,Not Applicable/Non applicable,12/31/1899 9:00:00 AM,12/31/1899 2:00:00 PM,Not Applicable/Non applicable,311,-75.46148682,45.47095871,OTTAWA,y,n,66
-75.76395416,45.34573364,-8434005,5676115,102100,CIVIC ADMINISTRATION,Mary Pitt Centre,Centre Mary-Pitt,100 CONSTELLATION DR,100 PROM CONSTELLATION,Open Year Round/Ouvert toute l?ann‚e,Not Applicable/Non applicable,Not Applicable/Non applicable,Closed,Closed,Not Applicable/Non applicable,12/31/1899 7:30:00 AM,12/31/1899 4:30:00 PM,Not Applicable/Non applicable,12/31/1899 7:30:00 AM,12/31/1899 4:30:00 PM,Not Applicable/Non applicable,12/31/1899 7:30:00 AM,12/31/1899 4:30:00 PM,Not Applicable/Non applicable,12/31/1899 7:30:00 AM,12/31/1899 4:30:00 PM,Not Applicable/Non applicable,12/31/1899 7:30:00 AM,12/31/1899 4:30:00 PM,Not Applicable/Non applicable,Closed,Closed,Not Applicable/Non applicable,311,-75.76395416,45.34573364,OTTAWA,y,n,67
-75.76295471,45.34448624,-8433894,5675918,102100,CIVIC ADMINISTRATION,Ben Franklin Place,Place-Ben-Franklin,101 CENTREPOINTE DR,101 PROM. CENTREPOINTE,Open Year Round/Ouvert toute l?ann‚e,Not Applicable/Non applicable,Not Applicable/Non applicable,12/31/1899 7:00:00 AM,12/31/1899 11:00:00 PM,Not Applicable/Non applicable,12/31/1899 7:00:00 AM,12/31/1899 11:00:00 PM,Not Applicable/Non applicable,12/31/1899 7:00:00 AM,12/31/1899 11:00:00 PM,Not Applicable/Non applicable,12/31/1899 7:00:00 AM,12/31/1899 11:00:00 PM,Not Applicable/Non applicable,12/31/1899 7:00:00 AM,12/31/1899 11:00:00 PM,Not Applicable/Non applicable,12/31/1899 7:00:00 AM,12/31/1899 11:00:00 PM,Not Applicable/Non applicable,12/31/1899 7:00:00 AM,12/31/1899 11:00:00 PM,Not Applicable/Non applicable,311,-75.76295471,45.34448624,OTTAWA,y,n,68
-75.68987274,45.42095947,-8425758,5688038,102100,CIVIC ADMINISTRATION,Ottawa City Hall - 110 Laurier Avenue West,"H“tel de ville d'Ottawa - 110, avenue Laurier Ouest",110 LAURIER AVE W,110 AV. LAURIER O.,Open Year Round/Ouvert toute l?ann‚e,Not Applicable/Non applicable,Not Applicable/Non applicable,12/31/1899 7:00:00 AM,12/31/1899 11:00:00 PM,Not Applicable/Non applicable,12/31/1899 7:00:00 AM,12/31/1899 11:00:00 PM,Not Applicable/Non applicable,12/31/1899 7:00:00 AM,12/31/1899 11:00:00 PM,Not Applicable/Non applicable,12/31/1899 7:00:00 AM,12/31/1899 11:00:00 PM,Not Applicable/Non applicable,12/31/1899 7:00:00 AM,12/31/1899 11:00:00 PM,Not Applicable/Non applicable,12/31/1899 7:00:00 AM,12/31/1899 11:00:00 PM,Not Applicable/Non applicable,12/31/1899 7:00:00 AM,12/31/1899 11:00:00 PM,Not Applicable/Non applicable,311,-75.68987274,45.42095947,OTTAWA,y,n,69
-75.74546814,45.32686996,-8431947,5673128,102100,RECREATION,Nepean Sportsplex,Le Sportsplex de Nepean,1701 WOODROFFE AVE,"1701, avenue Woodroffe",Open Year Round/Ouvert toute l?ann‚e,Not Applicable/Non applicable,Not Applicable/Non applicable,12/31/1899 8:00:00 AM,12/31/1899 8:00:00 PM,Not Applicable/Non applicable,12/31/1899 6:30:00 AM,12/31/1899 9:00:00 PM,Not Applicable/Non applicable,12/31/1899 8:00:00 AM,12/31/1899 9:00:00 PM,Not Applicable/Non applicable,12/31/1899 6:30:00 AM,12/31/1899 9:00:00 PM,Not Applicable/Non applicable,12/31/1899 8:00:00 AM,12/31/1899 9:00:00 PM,Not Applicable/Non applicable,12/31/1899 6:30:00 AM,12/31/1899 9:00:00 PM,Not Applicable/Non applicable,12/31/1899 8:00:00 AM,12/31/1899 8:00:00 PM,Not Applicable/Non applicable,311,-75.74546814,45.32686996,OTTAWA,y,n,70
-75.76660156,45.38446045,-8434299,5682251,102100,Park,Byron Linear Tramway Park,Parc Byron Linear Tramway,579 Byron Avenue,"579, AV. Byron",Open Seasonally/Ouvert en saison,May/mai,October/octobre,12/31/1899 5:00:00 AM,12/31/1899 11:00:00 PM,Not Applicable/Non applicable,12/31/1899 5:00:00 AM,12/31/1899 11:00:00 PM,Not Applicable/Non applicable,12/31/1899 5:00:00 AM,12/31/1899 11:00:00 PM,Not Applicable/Non applicable,12/31/1899 5:00:00 AM,12/31/1899 11:00:00 PM,Not Applicable/Non applicable,12/31/1899 5:00:00 AM,12/31/1899 11:00:00 PM,Not Applicable/Non applicable,12/31/1899 5:00:00 AM,12/31/1899 11:00:00 PM,Not Applicable/Non applicable,12/31/1899 5:00:00 AM,12/31/1899 11:00:00 PM,Not Applicable/Non applicable,311,-75.76660156,45.38446045,OTTAWA,n,y,71
-75.6133728,45.42451477,-8417242,5688602,102100,Park,Cedarcroft Park,Parc Cedarcroft,1200 Cedarcroft Crescent,"1200, Croissant  Cedarcroft",Open Seasonally/Ouvert en saison,May/mai,October/octobre,12/31/1899 5:00:00 AM,12/31/1899 11:00:00 PM,Not Applicable/Non applicable,12/31/1899 5:00:00 AM,12/31/1899 11:00:00 PM,Not Applicable/Non applicable,12/31/1899 5:00:00 AM,12/31/1899 11:00:00 PM,Not Applicable/Non applicable,12/31/1899 5:00:00 AM,12/31/1899 11:00:00 PM,Not Applicable/Non applicable,12/31/1899 5:00:00 AM,12/31/1899 11:00:00 PM,Not Applicable/Non applicable,12/31/1899 5:00:00 AM,12/31/1899 11:00:00 PM,Not Applicable/Non applicable,12/31/1899 5:00:00 AM,12/31/1899 11:00:00 PM,Not Applicable/Non applicable,311,-75.6133728,45.42451477,OTTAWA,n,y,72
-75.51557922,45.45503235,-8406356,5693444,102100,Park,Champagne Park,Parc Champagne,1861 Markwell Crescent,1861 Croissant Markwell,Open Seasonally/Ouvert en saison,May/mai,October/octobre,12/31/1899 5:00:00 AM,12/31/1899 11:00:00 PM,Not Applicable/Non applicable,12/31/1899 5:00:00 AM,12/31/1899 11:00:00 PM,Not Applicable/Non applicable,12/31/1899 5:00:00 AM,12/31/1899 11:00:00 PM,Not Applicable/Non applicable,12/31/1899 5:00:00 AM,12/31/1899 11:00:00 PM,Not Applicable/Non applicable,12/31/1899 5:00:00 AM,12/31/1899 11:00:00 PM,Not Applicable/Non applicable,12/31/1899 5:00:00 AM,12/31/1899 11:00:00 PM,Not Applicable/Non applicable,12/31/1899 5:00:00 AM,12/31/1899 11:00:00 PM,Not Applicable/Non applicable,311,-75.51557922,45.45503235,OTTAWA,n,y,73
-75.53907776,45.45068741,-8408972,5692754,102100,Park,Chapel Hill Park,Parc Chapel Hill,1556 Forest Valley Drive,"1556, PROM. Forest Valley",Open Seasonally/Ouvert en saison,May/mai,October/octobre,12/31/1899 5:00:00 AM,12/31/1899 11:00:00 PM,Not Applicable/Non applicable,12/31/1899 5:00:00 AM,12/31/1899 11:00:00 PM,Not Applicable/Non applicable,12/31/1899 5:00:00 AM,12/31/1899 11:00:00 PM,Not Applicable/Non applicable,12/31/1899 5:00:00 AM,12/31/1899 11:00:00 PM,Not Applicable/Non applicable,12/31/1899 5:00:00 AM,12/31/1899 11:00:00 PM,Not Applicable/Non applicable,12/31/1899 5:00:00 AM,12/31/1899 11:00:00 PM,Not Applicable/Non applicable,12/31/1899 5:00:00 AM,12/31/1899 11:00:00 PM,Not Applicable/Non applicable,311,-75.53907776,45.45068741,OTTAWA,n,y,74
-75.61660767,45.42834473,-8417602,5689209,102100,Park,City Centre Park,Parc City Centre,1800 City Park Drive,"1800, PROM. City Park",Open Seasonally/Ouvert en saison,May/mai,October/octobre,12/31/1899 5:00:00 AM,12/31/1899 11:00:00 PM,Not Applicable/Non applicable,12/31/1899 5:00:00 AM,12/31/1899 11:00:00 PM,Not Applicable/Non applicable,12/31/1899 5:00:00 AM,12/31/1899 11:00:00 PM,Not Applicable/Non applicable,12/31/1899 5:00:00 AM,12/31/1899 11:00:00 PM,Not Applicable/Non applicable,12/31/1899 5:00:00 AM,12/31/1899 11:00:00 PM,Not Applicable/Non applicable,12/31/1899 5:00:00 AM,12/31/1899 11:00:00 PM,Not Applicable/Non applicable,12/31/1899 5:00:00 AM,12/31/1899 11:00:00 PM,Not Applicable/Non applicable,311,-75.61660767,45.42834473,OTTAWA,n,y,75
-75.70113373,45.41294861,-8427011,5686768,102100,Park,Dundonald Park,Parc Dundonald,516 Somerset Street West,"516, RUE Somerset",Open Seasonally/Ouvert en saison,May/mai,October/octobre,12/31/1899 5:00:00 AM,12/31/1899 11:00:00 PM,Not Applicable/Non applicable,12/31/1899 5:00:00 AM,12/31/1899 11:00:00 PM,Not Applicable/Non applicable,12/31/1899 5:00:00 AM,12/31/1899 11:00:00 PM,Not Applicable/Non applicable,12/31/1899 5:00:00 AM,12/31/1899 11:00:00 PM,Not Applicable/Non applicable,12/31/1899 5:00:00 AM,12/31/1899 11:00:00 PM,Not Applicable/Non applicable,12/31/1899 5:00:00 AM,12/31/1899 11:00:00 PM,Not Applicable/Non applicable,12/31/1899 5:00:00 AM,12/31/1899 11:00:00 PM,Not Applicable/Non applicable,311,-75.70113373,45.41294861,OTTAWA,n,y,76
-75.69062805,45.2754631,-8425842,5664992,102100,Park,Four Seasons Park,Parc Four Seasons,4386 SPRATT,"4386, RUE Spratt",Open Seasonally/Ouvert en saison,May/mai,October/octobre,12/31/1899 5:00:00 AM,12/31/1899 11:00:00 PM,Not Applicable/Non applicable,12/31/1899 5:00:00 AM,12/31/1899 11:00:00 PM,Not Applicable/Non applicable,12/31/1899 5:00:00 AM,12/31/1899 11:00:00 PM,Not Applicable/Non applicable,12/31/1899 5:00:00 AM,12/31/1899 11:00:00 PM,Not Applicable/Non applicable,12/31/1899 5:00:00 AM,12/31/1899 11:00:00 PM,Not Applicable/Non applicable,12/31/1899 5:00:00 AM,12/31/1899 11:00:00 PM,Not Applicable/Non applicable,12/31/1899 5:00:00 AM,12/31/1899 11:00:00 PM,Not Applicable/Non applicable,312,-75.69062805,45.2754631,OTTAWA,n,y,77
-75.53619385,45.46917725,-8408651,5695689,102100,Park,Glen Park,Parc Glen,1766 Grey Nuns Drive,"1766, PROM. Grey Nuns",Open Seasonally/Ouvert en saison,May/mai,October/octobre,12/31/1899 5:00:00 AM,12/31/1899 11:00:00 PM,Not Applicable/Non applicable,12/31/1899 5:00:00 AM,12/31/1899 11:00:00 PM,Not Applicable/Non applicable,12/31/1899 5:00:00 AM,12/31/1899 11:00:00 PM,Not Applicable/Non applicable,12/31/1899 5:00:00 AM,12/31/1899 11:00:00 PM,Not Applicable/Non applicable,12/31/1899 5:00:00 AM,12/31/1899 11:00:00 PM,Not Applicable/Non applicable,12/31/1899 5:00:00 AM,12/31/1899 11:00:00 PM,Not Applicable/Non applicable,12/31/1899 5:00:00 AM,12/31/1899 11:00:00 PM,Not Applicable/Non applicable,313,-75.53619385,45.46917725,OTTAWA,n,y,78
-75.68933105,45.41522598,-8425698,5687129,102100,Park,Jack Purcell Park,Parc Jack Purcell,320 JACK PURCELL LANE,"320, VOIE Jack Purcell",Open Seasonally/Ouvert en saison,May/mai,October/octobre,12/31/1899 5:00:00 AM,12/31/1899 11:00:00 PM,Not Applicable/Non applicable,12/31/1899 5:00:00 AM,12/31/1899 11:00:00 PM,Not Applicable/Non applicable,12/31/1899 5:00:00 AM,12/31/1899 11:00:00 PM,Not Applicable/Non applicable,12/31/1899 5:00:00 AM,12/31/1899 11:00:00 PM,Not Applicable/Non applicable,12/31/1899 5:00:00 AM,12/31/1899 11:00:00 PM,Not Applicable/Non applicable,12/31/1899 5:00:00 AM,12/31/1899 11:00:00 PM,Not Applicable/Non applicable,12/31/1899 5:00:00 AM,12/31/1899 11:00:00 PM,Not Applicable/Non applicable,311,-75.68933105,45.41522598,OTTAWA,n,y,79
-75.68392181,45.40341949,-8425095,5685257,102100,Park,Lionel Britton Park,Parc Lionel Britton,19 Fifth Avenue,"19, AV. Fifth",Open Seasonally/Ouvert en saison,May/mai,October/octobre,12/31/1899 5:00:00 AM,12/31/1899 11:00:00 PM,Not Applicable/Non applicable,12/31/1899 5:00:00 AM,12/31/1899 11:00:00 PM,Not Applicable/Non applicable,12/31/1899 5:00:00 AM,12/31/1899 11:00:00 PM,Not Applicable/Non applicable,12/31/1899 5:00:00 AM,12/31/1899 11:00:00 PM,Not Applicable/Non applicable,12/31/1899 5:00:00 AM,12/31/1899 11:00:00 PM,Not Applicable/Non applicable,12/31/1899 5:00:00 AM,12/31/1899 11:00:00 PM,Not Applicable/Non applicable,12/31/1899 5:00:00 AM,12/31/1899 11:00:00 PM,Not Applicable/Non applicable,311,-75.68392181,45.40341949,OTTAWA,n,y,80
-75.51198578,45.48545074,-8405956,5698272,102100,Park,Marsha Park,Parc Marsha,855 Lawnsberry Drive,"855, PROM. Lawnsberry",Open Seasonally/Ouvert en saison,May/mai,October/octobre,12/31/1899 5:00:00 AM,12/31/1899 11:00:00 PM,Not Applicable/Non applicable,12/31/1899 5:00:00 AM,12/31/1899 11:00:00 PM,Not Applicable/Non applicable,12/31/1899 5:00:00 AM,12/31/1899 11:00:00 PM,Not Applicable/Non applicable,12/31/1899 5:00:00 AM,12/31/1899 11:00:00 PM,Not Applicable/Non applicable,12/31/1899 5:00:00 AM,12/31/1899 11:00:00 PM,Not Applicable/Non applicable,12/31/1899 5:00:00 AM,12/31/1899 11:00:00 PM,Not Applicable/Non applicable,12/31/1899 5:00:00 AM,12/31/1899 11:00:00 PM,Not Applicable/Non applicable,311,-75.51198578,45.48545074,OTTAWA,n,y,81
-75.727211,45.40249252,-8429914,5685110,102100,Park,McCormick Park,Parc McCormick,294 Carruhers Avenue,"294, AV. Carruthers",Open Seasonally/Ouvert en saison,May/mai,October/octobre,12/31/1899 5:00:00 AM,12/31/1899 11:00:00 PM,Not Applicable/Non applicable,12/31/1899 5:00:00 AM,12/31/1899 11:00:00 PM,Not Applicable/Non applicable,12/31/1899 5:00:00 AM,12/31/1899 11:00:00 PM,Not Applicable/Non applicable,12/31/1899 5:00:00 AM,12/31/1899 11:00:00 PM,Not Applicable/Non applicable,12/31/1899 5:00:00 AM,12/31/1899 11:00:00 PM,Not Applicable/Non applicable,12/31/1899 5:00:00 AM,12/31/1899 11:00:00 PM,Not Applicable/Non applicable,12/31/1899 5:00:00 AM,12/31/1899 11:00:00 PM,Not Applicable/Non applicable,311,-75.727211,45.40249252,OTTAWA,n,y,82
-75.70297241,45.40896988,-8427216,5686137,102100,Park,McNabb Park,Parc McNabb,435 Bronson Avenue,"435, AV. Bronson",Open Seasonally/Ouvert en saison,May/mai,October/octobre,12/31/1899 5:00:00 AM,12/31/1899 11:00:00 PM,Not Applicable/Non applicable,12/31/1899 5:00:00 AM,12/31/1899 11:00:00 PM,Not Applicable/Non applicable,12/31/1899 5:00:00 AM,12/31/1899 11:00:00 PM,Not Applicable/Non applicable,12/31/1899 5:00:00 AM,12/31/1899 11:00:00 PM,Not Applicable/Non applicable,12/31/1899 5:00:00 AM,12/31/1899 11:00:00 PM,Not Applicable/Non applicable,12/31/1899 5:00:00 AM,12/31/1899 11:00:00 PM,Not Applicable/Non applicable,12/31/1899 5:00:00 AM,12/31/1899 11:00:00 PM,Not Applicable/Non applicable,311,-75.70297241,45.40896988,OTTAWA,n,y,83
-75.71813202,45.13957214,-8428904,5643521,102100,Park,Meadowbrook Park,Parc Meadowbrook,1485 MEADOWBROOK RD,"1485, RUE Meadowbrook",Open Seasonally/Ouvert en saison,May/mai,October/octobre,12/31/1899 5:00:00 AM,12/31/1899 11:00:00 PM,Not Applicable/Non applicable,12/31/1899 5:00:00 AM,12/31/1899 11:00:00 PM,Not Applicable/Non applicable,12/31/1899 5:00:00 AM,12/31/1899 11:00:00 PM,Not Applicable/Non applicable,12/31/1899 5:00:00 AM,12/31/1899 11:00:00 PM,Not Applicable/Non applicable,12/31/1899 5:00:00 AM,12/31/1899 11:00:00 PM,Not Applicable/Non applicable,12/31/1899 5:00:00 AM,12/31/1899 11:00:00 PM,Not Applicable/Non applicable,12/31/1899 5:00:00 AM,12/31/1899 11:00:00 PM,Not Applicable/Non applicable,311,-75.71813202,45.13957214,OTTAWA,n,y,84
-75.68811035,45.41677856,-8425562,5687375,102100,Park,Minto Park,Parc Minto,315 Elgin Street,"315, RUE Elgin",Open Seasonally/Ouvert en saison,May/mai,October/octobre,12/31/1899 5:00:00 AM,12/31/1899 11:00:00 PM,Not Applicable/Non applicable,12/31/1899 5:00:00 AM,12/31/1899 11:00:00 PM,Not Applicable/Non applicable,12/31/1899 5:00:00 AM,12/31/1899 11:00:00 PM,Not Applicable/Non applicable,12/31/1899 5:00:00 AM,12/31/1899 11:00:00 PM,Not Applicable/Non applicable,12/31/1899 5:00:00 AM,12/31/1899 11:00:00 PM,Not Applicable/Non applicable,12/31/1899 5:00:00 AM,12/31/1899 11:00:00 PM,Not Applicable/Non applicable,12/31/1899 5:00:00 AM,12/31/1899 11:00:00 PM,Not Applicable/Non applicable,311,-75.68811035,45.41677856,OTTAWA,n,y,85
-75.60388947,45.42314911,-8416187,5688385,102100,Park,Pineview Park,Parc Pineview,1465 Ridgebrook Drive,"1465, PROM. Ridgebrook",Open Seasonally/Ouvert en saison,May/mai,October/octobre,12/31/1899 5:00:00 AM,12/31/1899 11:00:00 PM,Not Applicable/Non applicable,12/31/1899 5:00:00 AM,12/31/1899 11:00:00 PM,Not Applicable/Non applicable,12/31/1899 5:00:00 AM,12/31/1899 11:00:00 PM,Not Applicable/Non applicable,12/31/1899 5:00:00 AM,12/31/1899 11:00:00 PM,Not Applicable/Non applicable,12/31/1899 5:00:00 AM,12/31/1899 11:00:00 PM,Not Applicable/Non applicable,12/31/1899 5:00:00 AM,12/31/1899 11:00:00 PM,Not Applicable/Non applicable,12/31/1899 5:00:00 AM,12/31/1899 11:00:00 PM,Not Applicable/Non applicable,311,-75.60388947,45.42314911,OTTAWA,n,y,86
-75.53004456,45.44944763,-8407966,5692558,102100,Park,Roy Park,Parc Roy,6210 Meadowglen Drive,"6210, PROM. Meadowglen",Open Seasonally/Ouvert en saison,May/mai,October/octobre,12/31/1899 5:00:00 AM,12/31/1899 11:00:00 PM,Not Applicable/Non applicable,12/31/1899 5:00:00 AM,12/31/1899 11:00:00 PM,Not Applicable/Non applicable,12/31/1899 5:00:00 AM,12/31/1899 11:00:00 PM,Not Applicable/Non applicable,12/31/1899 5:00:00 AM,12/31/1899 11:00:00 PM,Not Applicable/Non applicable,12/31/1899 5:00:00 AM,12/31/1899 11:00:00 PM,Not Applicable/Non applicable,12/31/1899 5:00:00 AM,12/31/1899 11:00:00 PM,Not Applicable/Non applicable,12/31/1899 5:00:00 AM,12/31/1899 11:00:00 PM,Not Applicable/Non applicable,311,-75.53004456,45.44944763,OTTAWA,n,y,87
-75.67293549,45.42801666,-8423873,5689158,102100,Park,Strathcona Park,Parc Strathcona,25 Range Road,"25, CH. Range",Open Seasonally/Ouvert en saison,May/mai,October/octobre,12/31/1899 5:00:00 AM,12/31/1899 11:00:00 PM,Not Applicable/Non applicable,12/31/1899 5:00:00 AM,12/31/1899 11:00:00 PM,Not Applicable/Non applicable,12/31/1899 5:00:00 AM,12/31/1899 11:00:00 PM,Not Applicable/Non applicable,12/31/1899 5:00:00 AM,12/31/1899 11:00:00 PM,Not Applicable/Non applicable,12/31/1899 5:00:00 AM,12/31/1899 11:00:00 PM,Not Applicable/Non applicable,12/31/1899 5:00:00 AM,12/31/1899 11:00:00 PM,Not Applicable/Non applicable,12/31/1899 5:00:00 AM,12/31/1899 11:00:00 PM,Not Applicable/Non applicable,311,-75.67293549,45.42801666,OTTAWA,n,y,88
-75.68238068,45.40253448,-8424924,5685117,102100,Park,Sylvia Holden Park,Parc Sylvia Holden,641 O'Connor Street,"641,RUE. O'Connor",Open Seasonally/Ouvert en saison,May/mai,October/octobre,12/31/1899 5:00:00 AM,12/31/1899 11:00:00 PM,Not Applicable/Non applicable,12/31/1899 5:00:00 AM,12/31/1899 11:00:00 PM,Not Applicable/Non applicable,12/31/1899 5:00:00 AM,12/31/1899 11:00:00 PM,Not Applicable/Non applicable,12/31/1899 5:00:00 AM,12/31/1899 11:00:00 PM,Not Applicable/Non applicable,12/31/1899 5:00:00 AM,12/31/1899 11:00:00 PM,Not Applicable/Non applicable,12/31/1899 5:00:00 AM,12/31/1899 11:00:00 PM,Not Applicable/Non applicable,12/31/1899 5:00:00 AM,12/31/1899 11:00:00 PM,Not Applicable/Non applicable,311,-75.68238068,45.40253448,OTTAWA,n,y,89
-75.62731934,45.43225479,-8418795,5689830,102100,Park,Whiterock Park,Parc Whiterock,1245 Matheson Road,"1245, RUE Matheson",Open Seasonally/Ouvert en saison,May/mai,October/octobre,12/31/1899 5:00:00 AM,12/31/1899 11:00:00 PM,Not Applicable/Non applicable,12/31/1899 5:00:00 AM,12/31/1899 11:00:00 PM,Not Applicable/Non applicable,12/31/1899 5:00:00 AM,12/31/1899 11:00:00 PM,Not Applicable/Non applicable,12/31/1899 5:00:00 AM,12/31/1899 11:00:00 PM,Not Applicable/Non applicable,12/31/1899 5:00:00 AM,12/31/1899 11:00:00 PM,Not Applicable/Non applicable,12/31/1899 5:00:00 AM,12/31/1899 11:00:00 PM,Not Applicable/Non applicable,12/31/1899 5:00:00 AM,12/31/1899 11:00:00 PM,Not Applicable/Non applicable,311,-75.62731934,45.43225479,OTTAWA,n,y,90
-75.68988037,45.38737869,-8425759,5682714,102100,Park,Brewer Park,Parc Brewer,100 Brewer Way,"100, voie Brewer",Open Seasonally/Ouvert en saison,May/mai,September/septembre,12/31/1899 5:00:00 AM,12/31/1899 11:00:00 PM,Not Applicable/Non applicable,12/31/1899 5:00:00 AM,12/31/1899 11:00:00 PM,Not Applicable/Non applicable,12/31/1899 5:00:00 AM,12/31/1899 11:00:00 PM,Not Applicable/Non applicable,12/31/1899 5:00:00 AM,12/31/1899 11:00:00 PM,Not Applicable/Non applicable,12/31/1899 5:00:00 AM,12/31/1899 11:00:00 PM,Not Applicable/Non applicable,12/31/1899 5:00:00 AM,12/31/1899 11:00:00 PM,Not Applicable/Non applicable,12/31/1899 5:00:00 AM,12/31/1899 11:00:00 PM,Not Applicable/Non applicable,311,-75.68988037,45.38737869,OTTAWA,n,y,91
